id,date,store_nbr,family,sales,onpromotion,city,state,type_x,cluster,transactions,type_y,locale,locale_name,description,transferred,dcoilwtico,data
2789420,2017-04-19,25,PREPARED FOODS,30.406,0,Salinas,Santa Elena,D,1,886.0,,,,,,50.49,2017-04-19
995976,2014-07-14,54,BEVERAGES,1153.0,4,El Carmen,Manabi,C,3,791.0,,,,,,101.73,2014-07-14
2131312,2016-04-14,10,CLEANING,455.0,7,Quito,Pichincha,C,15,799.0,Holiday,Local,Libertad,Cantonizacion de Libertad,False,41.45,2016-04-14
1126985,2014-09-26,30,BEAUTY,0.0,0,Guayaquil,Guayas,C,3,626.0,,,,,,95.55,2014-09-26
571598,2013-11-17,47,BREAD/BAKERY,1666.106,0,Quito,Pichincha,A,14,5023.0,,,,,,93.8,2013-11-17
1755802,2015-09-15,24,BOOKS,0.0,0,Guayaquil,Guayas,D,1,2238.0,,,,,,44.58,2015-09-15
953167,2014-06-20,52,POULTRY,0.0,0,Manta,Manabi,A,11,0.0,Event,National,Ecuador,Mundial de futbol Brasil: Ecuador-Honduras,False,107.95,2014-06-20
2976654,2017-08-02,29,LINGERIE,5.0,0,Guayaquil,Guayas,E,10,1120.0,,,,,,49.6,2017-08-02
43469,2013-01-25,29,DAIRY,0.0,0,Guayaquil,Guayas,E,10,0.0,,,,,,95.15,2013-01-25
1771075,2015-09-23,51,SCHOOL AND OFFICE SUPPLIES,2.0,0,Guayaquil,Guayas,A,17,1659.0,,,,,,44.53,2015-09-23
102989,2013-02-27,48,PREPARED FOODS,62.654,0,Quito,Pichincha,A,14,2175.0,,,,,,92.84,2013-02-27
1903719,2015-12-07,24,HOME AND KITCHEN I,17.0,0,Guayaquil,Guayas,D,1,2466.0,,,,,,37.64,2015-12-07
2691377,2017-02-23,24,PREPARED FOODS,117.451004,1,Guayaquil,Guayas,D,1,2180.0,,,,,,54.48,2017-02-23
1153735,2014-10-11,30,"LIQUOR,WINE,BEER",119.0,0,Guayaquil,Guayas,C,3,666.0,,,,,,85.87,2014-10-11
1701942,2015-08-16,13,AUTOMOTIVE,3.0,0,Latacunga,Cotopaxi,C,15,851.0,,,,,,42.45,2015-08-16
2241402,2016-06-14,49,DELI,299.272,8,Quito,Pichincha,A,11,2441.0,,,,,,48.49,2016-06-14
436534,2013-09-02,8,EGGS,311.0,0,Quito,Pichincha,D,8,2875.0,,,,,,107.98,2013-09-02
1697376,2015-08-13,34,LINGERIE,9.0,0,Guayaquil,Guayas,B,6,1523.0,,,,,,42.27,2015-08-13
685510,2014-01-21,43,BABY CARE,0.0,0,Esmeraldas,Esmeraldas,E,10,1244.0,,,,,,94.51,2014-01-21
2809007,2017-04-30,25,HARDWARE,5.0,0,Salinas,Santa Elena,D,1,1768.0,,,,,,49.31,2017-04-30
1950059,2016-01-03,24,MAGAZINES,6.0,0,Guayaquil,Guayas,D,1,0.0,,,,,,37.13,2016-01-03
1678003,2015-08-02,40,LADIESWEAR,0.0,0,Machala,El Oro,C,3,1472.0,,,,,,47.11,2015-08-02
2757115,2017-04-01,19,SCHOOL AND OFFICE SUPPLIES,0.0,0,Guaranda,Bolivar,C,15,1924.0,Holiday,Regional,Cotopaxi,Provincializacion de Cotopaxi,False,50.54,2017-04-01
507564,2013-10-12,5,MEATS,303.82,0,Santo Domingo,Santo Domingo de los Tsachilas,D,4,1386.0,,,,,,102.17,2013-10-12
2857367,2017-05-27,31,PREPARED FOODS,67.052,0,Babahoyo,Los Rios,B,10,1395.0,,,,,,49.58,2017-05-27
829501,2014-04-12,33,GROCERY II,0.0,0,Quevedo,Los Rios,C,3,1194.0,Holiday,Local,Cuenca,Fundacion de Cuenca,False,103.68,2014-04-12
293336,2013-06-14,39,SEAFOOD,12.258,0,Cuenca,Azuay,B,6,1283.0,,,,,,97.83,2013-06-14
756811,2014-03-02,43,"LIQUOR,WINE,BEER",723.0,0,Esmeraldas,Esmeraldas,E,10,1384.0,Holiday,Local,Manta,Fundacion de Manta,False,102.88,2014-03-02
1896218,2015-12-03,14,BREAD/BAKERY,174.0,0,Riobamba,Chimborazo,C,7,1350.0,,,,,,41.08,2015-12-03
2907198,2017-06-24,3,PRODUCE,9610.667,1,Quito,Pichincha,D,8,3501.0,,,,,,42.86,2017-06-24
2550417,2016-12-05,2,GROCERY I,4575.0,101,Quito,Pichincha,D,13,2023.0,Additional,Local,Quito,Fundacion de Quito-1,False,51.72,2016-12-05
2139434,2016-04-18,38,FROZEN FOODS,77.0,2,Loja,Loja,D,4,1552.0,Event,National,Ecuador,Terremoto Manabi+2,False,39.74,2016-04-18
469474,2013-09-21,31,HOME AND KITCHEN II,0.0,0,Babahoyo,Los Rios,B,10,1291.0,,,,,,104.7,2013-09-21
1222055,2014-11-18,47,SEAFOOD,89.905,0,Quito,Pichincha,A,14,3315.0,,,,,,74.55,2014-11-18
1855604,2015-11-10,24,HARDWARE,0.0,0,Guayaquil,Guayas,D,1,2243.0,Holiday,Local,Guaranda,Independencia de Guaranda,False,44.23,2015-11-10
1589808,2015-06-14,17,AUTOMOTIVE,6.0,0,Quito,Pichincha,C,12,1411.0,,,,,,59.96,2015-06-14
2880423,2017-06-09,29,HOME CARE,137.0,13,Guayaquil,Guayas,E,10,1011.0,,,,,,45.82,2017-06-09
667797,2014-01-11,46,DELI,1056.248,0,Quito,Pichincha,A,14,4851.0,,,,,,92.39,2014-01-11
2741872,2017-03-23,41,BABY CARE,0.0,0,Machala,El Oro,D,4,867.0,,,,,,47.0,2017-03-23
2875161,2017-06-06,31,BEVERAGES,3126.0,27,Babahoyo,Los Rios,B,10,1358.0,,,,,,48.13,2017-06-06
1792821,2015-10-06,12,PRODUCE,339.917,75,Latacunga,Cotopaxi,C,15,1100.0,,,,,,48.53,2015-10-06
2725821,2017-03-14,40,LINGERIE,12.0,0,Machala,El Oro,C,3,1495.0,,,,,,47.24,2017-03-14
737652,2014-02-19,7,BEVERAGES,2181.0,0,Quito,Pichincha,D,8,1931.0,,,,,,103.46,2014-02-19
1450766,2015-03-28,15,LAWN AND GARDEN,0.0,0,Ibarra,Imbabura,C,15,1276.0,,,,,,48.83,2015-03-28
458092,2013-09-15,12,LADIESWEAR,0.0,0,Latacunga,Cotopaxi,C,15,1341.0,,,,,,108.31,2013-09-15
1086252,2014-09-03,37,MEATS,263.117,0,Cuenca,Azuay,D,2,1684.0,,,,,,95.5,2014-09-03
1901352,2015-12-05,8,MEATS,668.527,0,Quito,Pichincha,D,8,3125.0,Additional,Local,Quito,Fundacion de Quito-1,False,40.0,2015-12-05
1219535,2014-11-17,27,LAWN AND GARDEN,12.0,0,Daule,Guayas,D,1,1333.0,,,,,,75.64,2014-11-17
330392,2013-07-05,29,PREPARED FOODS,0.0,0,Guayaquil,Guayas,E,10,0.0,,,,,,103.09,2013-07-05
1276496,2014-12-19,25,MAGAZINES,4.0,0,Salinas,Santa Elena,D,1,1067.0,,,,,,56.91,2014-12-19
2047036,2016-02-26,45,GROCERY II,42.0,0,Quito,Pichincha,A,11,3352.0,,,,,,31.65,2016-02-26
210397,2013-04-29,12,"LIQUOR,WINE,BEER",5.0,0,Latacunga,Cotopaxi,C,15,1244.0,Holiday,National,Ecuador,Viernes Santo,False,94.09,2013-04-29
2141492,2016-04-19,45,MAGAZINES,22.0,0,Quito,Pichincha,A,11,3622.0,Event,National,Ecuador,Terremoto Manabi+3,False,40.88,2016-04-19
2547031,2016-12-03,24,PERSONAL CARE,417.0,8,Guayaquil,Guayas,D,1,2346.0,,,,,,51.7,2016-12-03
1877196,2015-11-22,3,MEATS,999.071,0,Quito,Pichincha,D,8,3781.0,,,,,,39.39,2015-11-22
1281848,2014-12-22,25,PREPARED FOODS,50.746,0,Salinas,Santa Elena,D,1,1130.0,Holiday,Local,Salinas,Cantonizacion de Salinas,False,55.25,2014-12-22
838577,2014-04-17,38,HARDWARE,0.0,0,Loja,Loja,D,4,1955.0,,,,,,104.33,2014-04-17
2923247,2017-07-03,30,DAIRY,330.0,21,Guayaquil,Guayas,C,3,734.0,Holiday,Local,El Carmen,Cantonizacion de El Carmen,False,46.02,2017-07-03
2351670,2016-08-15,42,MEATS,151.26,0,Cuenca,Azuay,D,2,972.0,Holiday,Local,Riobamba,Fundacion de Riobamba,False,45.72,2016-08-15
2237605,2016-06-12,42,CLEANING,867.0,4,Cuenca,Azuay,D,2,1228.0,,,,,,49.09,2016-06-12
326536,2013-07-03,21,BABY CARE,0.0,0,Santo Domingo,Santo Domingo de los Tsachilas,B,6,0.0,Holiday,Local,El Carmen,Cantonizacion de El Carmen,False,101.92,2013-07-03
2545446,2016-12-02,3,MEATS,1751.666,54,Quito,Pichincha,D,8,3307.0,,,,,,51.7,2016-12-02
2848166,2017-05-22,24,BEAUTY,3.0,1,Guayaquil,Guayas,D,1,2087.0,,,,,,50.81,2017-05-22
1810621,2015-10-16,12,EGGS,39.0,0,Latacunga,Cotopaxi,C,15,1161.0,,,,,,47.3,2015-10-16
1629195,2015-07-06,21,HOME CARE,0.0,0,Santo Domingo,Santo Domingo de los Tsachilas,B,6,0.0,,,,,,52.48,2015-07-06
1281344,2014-12-22,11,LAWN AND GARDEN,1.0,0,Cayambe,Pichincha,B,6,3467.0,Holiday,Local,Salinas,Cantonizacion de Salinas,False,55.25,2014-12-22
1551301,2015-05-23,36,BOOKS,0.0,0,Libertad,Guayas,E,10,1246.0,,,,,,58.88,2015-05-23
1102953,2014-09-12,6,PLAYERS AND ELECTRONICS,7.0,0,Quito,Pichincha,D,13,1699.0,,,,,,92.18,2014-09-12
1782969,2015-09-30,36,GROCERY I,4669.857,13,Libertad,Guayas,E,10,1288.0,,,,,,45.06,2015-09-30
1514532,2015-05-02,53,PRODUCE,10.0,0,Manta,Manabi,D,13,1039.0,,,,,,59.1,2015-05-02
2048705,2016-02-27,41,SEAFOOD,7.0,0,Machala,El Oro,D,4,1067.0,,,,,,31.65,2016-02-27
2575007,2016-12-19,1,HOME APPLIANCES,0.0,0,Quito,Pichincha,D,13,2144.0,,,,,,52.13,2016-12-19
2023412,2016-02-13,32,HOME APPLIANCES,0.0,0,Guayaquil,Guayas,C,3,804.0,,,,,,29.32,2016-02-13
2535402,2016-11-26,48,GROCERY I,11955.0,118,Quito,Pichincha,A,14,4057.0,,,,,,46.72,2016-11-26
1262443,2014-12-11,30,POULTRY,119.89,12,Guayaquil,Guayas,C,3,762.0,,,,,,60.01,2014-12-11
48811,2013-01-28,29,BOOKS,0.0,0,Guayaquil,Guayas,E,10,0.0,,,,,,95.95,2013-01-28
1044288,2014-08-11,10,BEVERAGES,460.0,0,Quito,Pichincha,C,15,1087.0,,,,,,98.09,2014-08-11
2923462,2017-07-03,36,PERSONAL CARE,327.0,12,Libertad,Guayas,E,10,1090.0,Holiday,Local,El Carmen,Cantonizacion de El Carmen,False,46.02,2017-07-03
1710373,2015-08-20,49,HOME AND KITCHEN II,38.0,0,Quito,Pichincha,A,11,2499.0,,,,,,41.0,2015-08-20
1080951,2014-08-31,39,BEVERAGES,1094.0,1,Cuenca,Azuay,B,6,1589.0,,,,,,97.86,2014-08-31
904404,2014-05-24,35,CELEBRATION,0.0,0,Playas,Guayas,C,3,724.0,Holiday,National,Ecuador,Batalla de Pichincha,False,105.01,2014-05-24
2444967,2016-10-07,10,PRODUCE,177.934,2,Quito,Pichincha,C,15,686.0,Holiday,Local,Quevedo,Cantonizacion de Quevedo,False,49.76,2016-10-07
357762,2013-07-20,47,DELI,630.361,0,Quito,Pichincha,A,14,4037.0,,,,,,108.0,2013-07-20
2897956,2017-06-19,20,POULTRY,229.219,0,Quito,Pichincha,B,6,1336.0,,,,,,44.24,2017-06-19
2212030,2016-05-29,25,CLEANING,385.0,5,Salinas,Santa Elena,D,1,823.0,,,,,,49.36,2016-05-29
2706609,2017-03-03,51,HOME AND KITCHEN I,16.0,3,Guayaquil,Guayas,A,17,1700.0,,,,,,53.33,2017-03-03
1539490,2015-05-16,54,CLEANING,1368.0,2,El Carmen,Manabi,C,3,969.0,,,,,,59.73,2015-05-16
2999258,2017-08-15,13,LAWN AND GARDEN,0.0,0,Latacunga,Cotopaxi,C,15,842.0,Holiday,Local,Riobamba,Fundacion de Riobamba,False,47.57,2017-08-15
1744018,2015-09-08,43,BABY CARE,0.0,0,Esmeraldas,Esmeraldas,E,10,1360.0,,,,,,45.92,2015-09-08
1316090,2015-01-11,36,HOME APPLIANCES,0.0,0,Libertad,Guayas,E,10,1109.0,,,,,,48.35,2015-01-11
2548388,2016-12-04,12,PREPARED FOODS,60.0,0,Latacunga,Cotopaxi,C,15,1366.0,,,,,,51.7,2016-12-04
1828712,2015-10-26,2,HOME APPLIANCES,0.0,0,Quito,Pichincha,D,13,1739.0,,,,,,43.19,2015-10-26
2187418,2016-05-15,34,GROCERY II,1.0,1,Guayaquil,Guayas,B,6,2116.0,Event,National,Ecuador,Terremoto Manabi+29,False,46.22,2016-05-15
1624003,2015-07-03,26,CLEANING,415.0,8,Guayaquil,Guayas,D,10,642.0,Holiday,Local,El Carmen,Cantonizacion de El Carmen,False,56.93,2015-07-03
2170494,2016-05-06,1,HOME CARE,183.0,4,Quito,Pichincha,D,13,2076.0,Event,National,Ecuador,Terremoto Manabi+20,False,44.58,2016-05-06
540152,2013-10-31,15,DAIRY,113.0,0,Ibarra,Imbabura,C,15,1214.0,,,,,,96.29,2013-10-31
2891376,2017-06-15,36,HOME AND KITCHEN I,26.0,3,Libertad,Guayas,E,10,1085.0,,,,,,44.47,2017-06-15
2422640,2016-09-24,34,FROZEN FOODS,62.0,14,Guayaquil,Guayas,B,6,2126.0,,,,,,44.36,2016-09-24
1092518,2014-09-07,13,LAWN AND GARDEN,0.0,0,Latacunga,Cotopaxi,C,15,891.0,,,,,,93.32,2014-09-07
2194652,2016-05-19,37,LAWN AND GARDEN,6.0,0,Cuenca,Azuay,D,2,1356.0,,,,,,48.16,2016-05-19
897102,2014-05-20,3,PRODUCE,7.0,0,Quito,Pichincha,D,8,2904.0,,,,,,102.8,2014-05-20
2670902,2017-02-11,5,HARDWARE,0.0,0,Santo Domingo,Santo Domingo de los Tsachilas,D,4,1358.0,,,,,,53.84,2017-02-11
2237176,2016-06-12,30,CLEANING,439.0,10,Guayaquil,Guayas,C,3,657.0,,,,,,49.09,2016-06-12
22941,2013-01-13,52,CELEBRATION,0.0,0,Manta,Manabi,A,11,0.0,,,,,,93.6,2013-01-13
2733115,2017-03-18,45,"LIQUOR,WINE,BEER",340.0,5,Quito,Pichincha,A,11,4396.0,,,,,,48.34,2017-03-18
2115767,2016-04-05,24,BREAD/BAKERY,642.434,0,Guayaquil,Guayas,D,1,2127.0,,,,,,34.52,2016-04-05
1590775,2015-06-14,43,EGGS,158.0,0,Esmeraldas,Esmeraldas,E,10,1563.0,,,,,,59.96,2015-06-14
2613943,2017-01-10,51,GROCERY II,72.0,0,Guayaquil,Guayas,A,17,1489.0,,,,,,50.82,2017-01-10
1617669,2015-06-29,48,DELI,494.516,0,Quito,Pichincha,A,14,2361.0,,,,,,58.34,2015-06-29
2454836,2016-10-12,37,SEAFOOD,15.329,2,Cuenca,Azuay,D,2,1383.0,,,,,,50.14,2016-10-12
9547,2013-01-06,27,EGGS,259.0,0,Daule,Guayas,D,1,1614.0,,,,,,93.12,2013-01-06
2303010,2016-07-19,28,CELEBRATION,15.0,0,Guayaquil,Guayas,E,10,1183.0,,,,,,44.64,2016-07-19
2700893,2017-02-28,41,DAIRY,728.0,12,Machala,El Oro,D,4,1171.0,Holiday,National,Ecuador,Carnaval,False,54.0,2017-02-28
56954,2013-02-01,7,PREPARED FOODS,172.0,0,Quito,Pichincha,D,8,1935.0,,,,,,97.46,2013-02-01
139573,2013-03-20,25,HOME AND KITCHEN II,0.0,0,Salinas,Santa Elena,D,1,982.0,,,,,,93.21,2013-03-20
1260823,2014-12-10,35,PERSONAL CARE,39.0,1,Playas,Guayas,C,3,519.0,,,,,,60.99,2014-12-10
968877,2014-06-29,43,PRODUCE,0.0,0,Esmeraldas,Esmeraldas,E,10,1467.0,Event,National,Ecuador,Mundial de futbol Brasil: Octavos de Final,False,106.46,2014-06-29
2109464,2016-04-01,47,BREAD/BAKERY,1340.126,2,Quito,Pichincha,A,14,3991.0,Holiday,Regional,Cotopaxi,Provincializacion de Cotopaxi,False,35.36,2016-04-01
623033,2013-12-16,4,PET SUPPLIES,0.0,0,Quito,Pichincha,D,9,1629.0,,,,,,97.18,2013-12-16
2869886,2017-06-03,33,DAIRY,537.0,14,Quevedo,Los Rios,C,3,1062.0,,,,,,47.68,2017-06-03
392814,2013-08-09,30,HOME AND KITCHEN I,0.0,0,Guayaquil,Guayas,C,3,746.0,,,,,,106.04,2013-08-09
2296802,2016-07-15,53,BEAUTY,7.0,0,Manta,Manabi,D,13,1433.0,,,,,,45.93,2016-07-15
1852031,2015-11-08,24,BREAD/BAKERY,776.544,0,Guayaquil,Guayas,D,1,1797.0,,,,,,44.32,2015-11-08
2898698,2017-06-19,41,FROZEN FOODS,122.206,1,Machala,El Oro,D,4,1050.0,,,,,,44.24,2017-06-19
935333,2014-06-10,52,HARDWARE,0.0,0,Manta,Manabi,A,11,0.0,,,,,,105.02,2014-06-10
1401796,2015-02-28,40,"LIQUOR,WINE,BEER",253.0,0,Machala,El Oro,C,3,1500.0,,,,,,49.84,2015-02-28
1095356,2014-09-08,42,LAWN AND GARDEN,0.0,0,Cuenca,Azuay,D,2,0.0,,,,,,92.64,2014-09-08
1738990,2015-09-05,51,"LIQUOR,WINE,BEER",406.0,0,Guayaquil,Guayas,A,17,1890.0,,,,,,46.02,2015-09-05
585834,2013-11-25,46,HOME CARE,0.0,0,Quito,Pichincha,A,14,2983.0,,,,,,93.86,2013-11-25
1277879,2014-12-20,14,LAWN AND GARDEN,0.0,0,Riobamba,Chimborazo,C,7,1914.0,Work Day,National,Ecuador,Recupero Puente Navidad,False,56.91,2014-12-20
2789356,2017-04-19,23,SCHOOL AND OFFICE SUPPLIES,0.0,0,Ambato,Tungurahua,D,9,963.0,,,,,,50.49,2017-04-19
1354317,2015-02-01,9,PRODUCE,0.0,0,Quito,Pichincha,B,6,2722.0,,,,,,47.79,2015-02-01
1557465,2015-05-26,9,PRODUCE,0.0,0,Quito,Pichincha,B,6,1803.0,,,,,,57.29,2015-05-26
2341729,2016-08-10,14,HOME AND KITCHEN II,12.0,0,Riobamba,Chimborazo,C,7,1259.0,Holiday,National,Ecuador,Primer Grito de Independencia,True,41.75,2016-08-10
489463,2013-10-02,42,CLEANING,0.0,0,Cuenca,Azuay,D,2,0.0,,,,,,104.15,2013-10-02
482232,2013-09-28,4,BEVERAGES,1284.0,0,Quito,Pichincha,D,9,1615.0,Holiday,Local,Ibarra,Fundacion de Ibarra,False,102.86,2013-09-28
2741221,2017-03-23,23,EGGS,42.0,0,Ambato,Tungurahua,D,9,1017.0,,,,,,47.0,2017-03-23
680990,2014-01-19,17,BEAUTY,2.0,0,Quito,Pichincha,C,12,1407.0,,,,,,93.96,2014-01-19
769237,2014-03-09,42,CLEANING,0.0,0,Cuenca,Azuay,D,2,0.0,,,,,,102.82,2014-03-09
372364,2013-07-28,7,PERSONAL CARE,135.0,0,Quito,Pichincha,D,8,1421.0,,,,,,104.76,2013-07-28
2420435,2016-09-23,22,HOME APPLIANCES,0.0,0,Puyo,Pastaza,C,7,634.0,,,,,,44.36,2016-09-23
2067058,2016-03-08,8,BOOKS,0.0,0,Quito,Pichincha,D,8,2817.0,,,,,,36.67,2016-03-08
842011,2014-04-19,34,HOME AND KITCHEN II,0.0,0,Guayaquil,Guayas,B,6,2393.0,,,,,,104.33,2014-04-19
2607526,2017-01-07,21,SCHOOL AND OFFICE SUPPLIES,0.0,0,Santo Domingo,Santo Domingo de los Tsachilas,B,6,1335.0,,,,,,53.98,2017-01-07
531665,2013-10-26,27,BEAUTY,3.0,0,Daule,Guayas,D,1,1634.0,,,,,,97.4,2013-10-26
1787036,2015-10-02,5,LAWN AND GARDEN,2.0,0,Santo Domingo,Santo Domingo de los Tsachilas,D,4,1474.0,,,,,,45.54,2015-10-02
1479286,2015-04-13,15,POULTRY,145.076,0,Ibarra,Imbabura,C,15,1614.0,,,,,,51.95,2015-04-13
1314844,2015-01-10,50,PERSONAL CARE,729.0,0,Ambato,Tungurahua,A,14,3015.0,Work Day,National,Ecuador,Recupero Puente Primer dia del ano,False,48.35,2015-01-10
1497049,2015-04-23,14,BOOKS,0.0,0,Riobamba,Chimborazo,C,7,1340.0,,,,,,56.59,2015-04-23
2463380,2016-10-17,27,PREPARED FOODS,77.31,0,Daule,Guayas,D,1,1490.0,,,,,,49.97,2016-10-17
1136326,2014-10-01,42,BOOKS,0.0,0,Cuenca,Azuay,D,2,0.0,,,,,,90.74,2014-10-01
1362613,2015-02-06,41,EGGS,109.0,19,Machala,El Oro,D,4,971.0,,,,,,51.66,2015-02-06
2205670,2016-05-25,46,HOME AND KITCHEN II,41.0,1,Quito,Pichincha,A,14,2549.0,,,,,,49.1,2016-05-25
2457722,2016-10-14,19,HARDWARE,0.0,0,Guaranda,Bolivar,C,15,997.0,,,,,,50.35,2016-10-14
1866286,2015-11-16,24,BOOKS,0.0,0,Guayaquil,Guayas,D,1,2302.0,,,,,,41.68,2015-11-16
161072,2013-04-01,28,SEAFOOD,10.0,0,Guayaquil,Guayas,E,10,964.0,Holiday,Regional,Cotopaxi,Provincializacion de Cotopaxi,False,97.1,2013-04-01
2438973,2016-10-03,42,DELI,162.251,0,Cuenca,Azuay,D,2,983.0,,,,,,48.8,2016-10-03
1432860,2015-03-18,13,AUTOMOTIVE,1.0,0,Latacunga,Cotopaxi,C,15,786.0,,,,,,44.63,2015-03-18
321453,2013-06-30,29,AUTOMOTIVE,0.0,0,Guayaquil,Guayas,E,10,0.0,,,,,,96.36,2013-06-30
2906037,2017-06-23,47,MEATS,1971.771,52,Quito,Pichincha,A,14,3663.0,Holiday,Local,Guaranda,Cantonizacion de Guaranda,False,42.86,2017-06-23
2987294,2017-08-08,28,BEAUTY,4.0,1,Guayaquil,Guayas,E,10,1211.0,,,,,,49.07,2017-08-08
2006215,2016-02-03,5,GROCERY II,22.0,0,Santo Domingo,Santo Domingo de los Tsachilas,D,4,1256.0,,,,,,32.29,2016-02-03
2461836,2016-10-16,34,BEVERAGES,3272.0,10,Guayaquil,Guayas,B,6,2056.0,,,,,,50.35,2016-10-16
2656507,2017-02-03,46,CLEANING,2704.0,25,Quito,Pichincha,A,14,3499.0,,,,,,53.81,2017-02-03
1319620,2015-01-13,35,HOME AND KITCHEN II,5.0,0,Playas,Guayas,C,3,590.0,,,,,,45.92,2015-01-13
423313,2013-08-26,36,"LIQUOR,WINE,BEER",17.0,0,Libertad,Guayas,E,10,847.0,,,,,,105.88,2013-08-26
493503,2013-10-04,6,LINGERIE,3.0,0,Quito,Pichincha,D,13,1713.0,,,,,,103.83,2013-10-04
2344303,2016-08-11,36,HOME AND KITCHEN II,9.0,0,Libertad,Guayas,E,10,1023.0,,,,,,43.51,2016-08-11
1904699,2015-12-07,51,BREAD/BAKERY,772.103,0,Guayaquil,Guayas,A,17,1703.0,,,,,,37.64,2015-12-07
2066403,2016-03-08,39,DELI,183.235,0,Cuenca,Azuay,B,6,1277.0,,,,,,36.67,2016-03-08
2499318,2016-11-06,35,PRODUCE,319.106,4,Playas,Guayas,C,3,705.0,Holiday,Regional,Santo Domingo de los Tsachilas,Provincializacion de Santo Domingo,False,44.07,2016-11-06
548185,2013-11-04,4,"LIQUOR,WINE,BEER",34.0,0,Quito,Pichincha,D,9,1325.0,,,,,,94.58,2013-11-04
2837177,2017-05-16,16,BEAUTY,1.0,1,Santo Domingo,Santo Domingo de los Tsachilas,C,3,709.0,,,,,,48.64,2017-05-16
1145426,2014-10-06,47,PREPARED FOODS,317.365,0,Quito,Pichincha,A,14,3735.0,,,,,,90.33,2014-10-06
208217,2013-04-27,50,LAWN AND GARDEN,1.0,0,Ambato,Tungurahua,A,14,3384.0,,,,,,92.63,2013-04-27
56074,2013-02-01,32,CLEANING,500.0,0,Guayaquil,Guayas,C,3,749.0,,,,,,97.46,2013-02-01
197238,2013-04-21,42,PRODUCE,0.0,0,Cuenca,Azuay,D,2,0.0,Holiday,Local,Riobamba,Cantonizacion de Riobamba,False,88.04,2013-04-21
1343810,2015-01-27,14,HOME APPLIANCES,0.0,0,Riobamba,Chimborazo,C,7,1306.0,,,,,,45.84,2015-01-27
246367,2013-05-19,21,"LIQUOR,WINE,BEER",0.0,0,Santo Domingo,Santo Domingo de los Tsachilas,B,6,0.0,,,,,,95.72,2013-05-19
1791658,2015-10-05,3,"LIQUOR,WINE,BEER",141.0,0,Quito,Pichincha,D,8,3156.0,,,,,,46.28,2015-10-05
1490983,2015-04-19,43,EGGS,195.0,0,Esmeraldas,Esmeraldas,E,10,1186.0,,,,,,55.71,2015-04-19
1135022,2014-09-30,6,LAWN AND GARDEN,0.0,0,Quito,Pichincha,D,13,1680.0,,,,,,91.17,2014-09-30
2377376,2016-08-30,14,MAGAZINES,3.0,0,Riobamba,Chimborazo,C,7,1142.0,,,,,,46.32,2016-08-30
7791,2013-01-05,28,BEVERAGES,725.0,0,Guayaquil,Guayas,E,10,1033.0,Work Day,National,Ecuador,Recupero puente Navidad,False,93.12,2013-01-05
389846,2013-08-07,47,HOME APPLIANCES,2.0,0,Quito,Pichincha,A,14,3519.0,,,,,,104.41,2013-08-07
1526974,2015-05-09,52,SCHOOL AND OFFICE SUPPLIES,0.0,0,Manta,Manabi,A,11,0.0,Additional,National,Ecuador,Dia de la Madre-1,False,59.41,2015-05-09
1914166,2015-12-13,18,BABY CARE,0.0,0,Quito,Pichincha,B,16,1473.0,,,,,,35.65,2015-12-13
777514,2014-03-14,25,BABY CARE,0.0,0,Salinas,Santa Elena,D,1,1162.0,,,,,,99.23,2014-03-14
2692224,2017-02-23,48,HOME CARE,510.0,6,Quito,Pichincha,A,14,2461.0,,,,,,54.48,2017-02-23
1142131,2014-10-04,6,BABY CARE,0.0,0,Quito,Pichincha,D,13,2330.0,,,,,,89.76,2014-10-04
2980821,2017-08-04,45,PRODUCE,6352.9683,15,Quito,Pichincha,A,11,4132.0,,,,,,49.57,2017-08-04
2019704,2016-02-11,29,BREAD/BAKERY,519.0,0,Guayaquil,Guayas,E,10,1082.0,,,,,,26.19,2016-02-11
2931101,2017-07-07,50,DAIRY,1079.0,37,Ambato,Tungurahua,A,14,2653.0,,,,,,44.25,2017-07-07
978036,2014-07-04,50,HOME AND KITCHEN I,77.0,0,Ambato,Tungurahua,A,14,2571.0,Event,National,Ecuador,Mundial de futbol Brasil: Cuartos de Final,False,104.76,2014-07-04
1641098,2015-07-12,6,DAIRY,1375.0,3,Quito,Pichincha,D,13,2002.0,,,,,,52.74,2015-07-12
792006,2014-03-22,31,CELEBRATION,12.0,0,Babahoyo,Los Rios,B,10,1579.0,,,,,,99.97,2014-03-22
2298054,2016-07-16,39,AUTOMOTIVE,9.0,0,Cuenca,Azuay,B,6,1639.0,,,,,,45.93,2016-07-16
1846468,2015-11-05,18,LADIESWEAR,7.0,0,Quito,Pichincha,B,16,1259.0,,,,,,45.27,2015-11-05
534221,2013-10-27,48,HOME APPLIANCES,4.0,0,Quito,Pichincha,A,14,4083.0,,,,,,97.4,2013-10-27
2355704,2016-08-17,6,SEAFOOD,27.339,2,Quito,Pichincha,D,13,1742.0,,,,,,46.81,2016-08-17
897705,2014-05-20,47,CELEBRATION,0.0,0,Quito,Pichincha,A,14,3473.0,,,,,,102.8,2014-05-20
183549,2013-04-14,1,BEVERAGES,398.0,0,Quito,Pichincha,D,13,525.0,Holiday,Local,Libertad,Cantonizacion de Libertad,False,91.23,2013-04-14
892031,2014-05-17,38,DAIRY,1133.0,2,Loja,Loja,D,4,2287.0,,,,,,102.31,2014-05-17
1965507,2016-01-11,8,PLAYERS AND ELECTRONICS,15.0,0,Quito,Pichincha,D,8,2730.0,,,,,,31.42,2016-01-11
1419941,2015-03-10,5,HOME APPLIANCES,2.0,0,Santo Domingo,Santo Domingo de los Tsachilas,D,4,1579.0,,,,,,48.42,2015-03-10
1782522,2015-09-30,23,PLAYERS AND ELECTRONICS,2.0,0,Ambato,Tungurahua,D,9,965.0,,,,,,45.06,2015-09-30
724988,2014-02-12,50,FROZEN FOODS,158.027,0,Ambato,Tungurahua,A,14,2550.0,,,,,,100.38,2014-02-12
1879000,2015-11-23,30,GROCERY II,3.0,0,Guayaquil,Guayas,C,3,669.0,,,,,,39.27,2015-11-23
598252,2013-12-02,44,POULTRY,1346.269,0,Quito,Pichincha,A,5,4259.0,,,,,,93.61,2013-12-02
1550759,2015-05-23,20,MAGAZINES,0.0,0,Quito,Pichincha,B,6,1805.0,,,,,,58.88,2015-05-23
2088840,2016-03-21,19,CELEBRATION,5.0,0,Guaranda,Bolivar,C,15,1247.0,,,,,,39.91,2016-03-21
2807514,2017-04-29,33,CELEBRATION,23.0,0,Quevedo,Los Rios,C,3,932.0,,,,,,49.31,2017-04-29
2611149,2017-01-09,23,MEATS,319.953,0,Ambato,Tungurahua,D,9,943.0,,,,,,51.95,2017-01-09
411242,2013-08-19,47,PREPARED FOODS,177.557,0,Quito,Pichincha,A,14,3409.0,,,,,,107.14,2013-08-19
621297,2013-12-15,41,CELEBRATION,0.0,0,Machala,El Oro,D,4,1421.0,,,,,,96.27,2013-12-15
671668,2014-01-13,54,LADIESWEAR,0.0,0,El Carmen,Manabi,C,3,775.0,,,,,,91.45,2014-01-13
1387147,2015-02-20,3,PERSONAL CARE,486.0,0,Quito,Pichincha,D,8,3178.0,,,,,,49.95,2015-02-20
1679557,2015-08-03,34,"LIQUOR,WINE,BEER",29.0,0,Guayaquil,Guayas,B,6,2239.0,,,,,,45.25,2015-08-03
2042083,2016-02-23,7,EGGS,281.0,0,Quito,Pichincha,D,8,1685.0,,,,,,31.84,2016-02-23
2115281,2016-04-05,10,HARDWARE,0.0,0,Quito,Pichincha,C,15,916.0,,,,,,34.52,2016-04-05
727604,2014-02-14,24,LAWN AND GARDEN,12.0,0,Guayaquil,Guayas,D,1,2810.0,,,,,,100.31,2014-02-14
2630435,2017-01-20,15,BREAD/BAKERY,115.0,2,Ibarra,Imbabura,C,15,1194.0,,,,,,52.33,2017-01-20
900146,2014-05-22,16,BREAD/BAKERY,192.0,0,Santo Domingo,Santo Domingo de los Tsachilas,C,3,810.0,,,,,,104.03,2014-05-22
16031,2013-01-09,9,PET SUPPLIES,0.0,0,Quito,Pichincha,B,6,1976.0,,,,,,93.08,2013-01-09
373709,2013-07-29,44,HOME APPLIANCES,4.0,0,Quito,Pichincha,A,5,3520.0,,,,,,104.61,2013-07-29
1406993,2015-03-03,37,BREAD/BAKERY,620.46,2,Cuenca,Azuay,D,2,1452.0,,,,,,50.43,2015-03-03
1294947,2014-12-30,42,PLAYERS AND ELECTRONICS,0.0,0,Cuenca,Azuay,D,2,0.0,,,,,,54.14,2014-12-30
1361502,2015-02-06,10,LINGERIE,3.0,0,Quito,Pichincha,C,15,809.0,,,,,,51.66,2015-02-06
1365990,2015-02-08,36,LINGERIE,7.0,0,Libertad,Guayas,E,10,1109.0,,,,,,51.66,2015-02-08
2270708,2016-07-01,21,FROZEN FOODS,92.0,3,Santo Domingo,Santo Domingo de los Tsachilas,B,6,856.0,,,,,,49.02,2016-07-01
1232870,2014-11-24,50,MAGAZINES,6.0,0,Ambato,Tungurahua,A,14,2338.0,,,,,,75.74,2014-11-24
1011876,2014-07-23,5,PRODUCE,2275.479,133,Santo Domingo,Santo Domingo de los Tsachilas,D,4,1392.0,Holiday,Local,Cayambe,Cantonizacion de Cayambe,False,103.81,2014-07-23
1621679,2015-07-02,10,PET SUPPLIES,0.0,0,Quito,Pichincha,C,15,1039.0,,,,,,56.93,2015-07-02
1716523,2015-08-24,21,POULTRY,175.733,1,Santo Domingo,Santo Domingo de los Tsachilas,B,6,1389.0,Holiday,Local,Ambato,Fundacion de Ambato,False,38.22,2015-08-24
69761,2013-02-09,16,SEAFOOD,2.0,0,Santo Domingo,Santo Domingo de los Tsachilas,C,3,1290.0,,,,,,95.71,2013-02-09
2434261,2016-10-01,10,HOME AND KITCHEN II,16.0,0,Quito,Pichincha,C,15,1090.0,,,,,,47.72,2016-10-01
1582538,2015-06-10,12,MAGAZINES,1.0,0,Latacunga,Cotopaxi,C,15,1260.0,,,,,,61.36,2015-06-10
1410569,2015-03-05,37,HOME APPLIANCES,0.0,0,Cuenca,Azuay,D,2,1606.0,,,,,,50.76,2015-03-05
943583,2014-06-15,34,HARDWARE,3.0,0,Guayaquil,Guayas,B,6,2251.0,Event,National,Ecuador,Mundial de futbol Brasil: Ecuador-Suiza,False,107.49,2014-06-15
2427831,2016-09-27,3,LINGERIE,11.0,0,Quito,Pichincha,D,8,2692.0,,,,,,44.65,2016-09-27
446523,2013-09-08,38,AUTOMOTIVE,8.0,0,Loja,Loja,D,4,2256.0,,,,,,110.62,2013-09-08
1937179,2015-12-27,13,GROCERY II,3.0,2,Latacunga,Cotopaxi,C,15,894.0,,,,,,37.62,2015-12-27
1006059,2014-07-20,37,LINGERIE,3.0,0,Cuenca,Azuay,D,2,1192.0,,,,,,103.83,2014-07-20
2107324,2016-03-31,37,EGGS,105.0,0,Cuenca,Azuay,D,2,1353.0,,,,,,36.94,2016-03-31
1607191,2015-06-23,53,PERSONAL CARE,152.0,2,Manta,Manabi,D,13,742.0,Holiday,Local,Guaranda,Cantonizacion de Guaranda,False,61.05,2015-06-23
1922362,2015-12-17,47,GROCERY II,75.0,0,Quito,Pichincha,A,14,4890.0,,,,,,34.98,2015-12-17
1391880,2015-02-23,13,CELEBRATION,0.0,0,Latacunga,Cotopaxi,C,15,958.0,,,,,,49.56,2015-02-23
1185545,2014-10-29,23,LAWN AND GARDEN,4.0,1,Ambato,Tungurahua,D,9,1060.0,,,,,,82.25,2014-10-29
2051587,2016-02-29,23,EGGS,79.0,1,Ambato,Tungurahua,D,9,915.0,,,,,,32.74,2016-02-29
443303,2013-09-06,47,HARDWARE,1.0,0,Quito,Pichincha,A,14,3302.0,,,,,,110.62,2013-09-06
600017,2013-12-03,44,FROZEN FOODS,612.058,0,Quito,Pichincha,A,5,4230.0,,,,,,95.83,2013-12-03
85328,2013-02-17,52,MAGAZINES,0.0,0,Manta,Manabi,A,11,0.0,,,,,,95.95,2013-02-17
2004301,2016-02-02,46,GROCERY II,55.0,0,Quito,Pichincha,A,14,3095.0,,,,,,29.9,2016-02-02
642090,2013-12-28,25,DELI,625.686,0,Salinas,Santa Elena,D,1,2640.0,,,,,,99.94,2013-12-28
2141254,2016-04-19,39,HOME AND KITCHEN II,17.0,0,Cuenca,Azuay,B,6,1599.0,Event,National,Ecuador,Terremoto Manabi+3,False,40.88,2016-04-19
338021,2013-07-09,43,BEAUTY,0.0,0,Esmeraldas,Esmeraldas,E,10,1163.0,,,,,,103.46,2013-07-09
968783,2014-06-29,41,BEAUTY,4.0,0,Machala,El Oro,D,4,1207.0,Event,National,Ecuador,Mundial de futbol Brasil: Octavos de Final,False,106.46,2014-06-29
644011,2013-12-29,29,HOME AND KITCHEN II,0.0,0,Guayaquil,Guayas,E,10,0.0,,,,,,99.94,2013-12-29
1744190,2015-09-08,48,DAIRY,919.0,3,Quito,Pichincha,A,14,2545.0,,,,,,45.92,2015-09-08
2609262,2017-01-08,20,HOME CARE,705.0,11,Quito,Pichincha,B,6,2131.0,,,,,,53.98,2017-01-08
196224,2013-04-21,15,CELEBRATION,0.0,0,Ibarra,Imbabura,C,15,1230.0,Holiday,Local,Riobamba,Cantonizacion de Riobamba,False,88.04,2013-04-21
1761584,2015-09-18,36,FROZEN FOODS,88.0,0,Libertad,Guayas,E,10,1297.0,,,,,,44.71,2015-09-18
1022952,2014-07-30,11,HOME CARE,406.0,0,Cayambe,Pichincha,B,6,2022.0,,,,,,104.29,2014-07-30
2569246,2016-12-15,47,SCHOOL AND OFFICE SUPPLIES,4.0,0,Quito,Pichincha,A,14,4254.0,,,,,,50.9,2016-12-15
905661,2014-05-25,20,DELI,0.0,0,Quito,Pichincha,B,6,0.0,,,,,,105.01,2014-05-25
1635981,2015-07-10,12,CELEBRATION,6.0,0,Latacunga,Cotopaxi,C,15,1137.0,,,,,,52.74,2015-07-10
2194809,2016-05-19,41,GROCERY I,2089.0,34,Machala,El Oro,D,4,910.0,,,,,,48.16,2016-05-19
2019420,2016-02-11,20,HOME CARE,209.0,1,Quito,Pichincha,B,6,1289.0,,,,,,26.19,2016-02-11
1184178,2014-10-28,35,CELEBRATION,1.0,0,Playas,Guayas,C,3,569.0,,,,,,81.36,2014-10-28
2066077,2016-03-08,3,GROCERY II,57.0,0,Quito,Pichincha,D,8,2891.0,,,,,,36.67,2016-03-08
2813835,2017-05-03,10,MEATS,174.198,0,Quito,Pichincha,C,15,896.0,,,,,,47.79,2017-05-03
933981,2014-06-10,15,HOME AND KITCHEN I,0.0,0,Ibarra,Imbabura,C,15,1370.0,,,,,,105.02,2014-06-10
2444910,2016-10-07,1,CELEBRATION,35.0,7,Quito,Pichincha,D,13,1743.0,Holiday,Local,Quevedo,Cantonizacion de Quevedo,False,49.76,2016-10-07
2062924,2016-03-06,40,POULTRY,131.12,0,Machala,El Oro,C,3,1195.0,,,,,,35.91,2016-03-06
1594422,2015-06-16,45,PLAYERS AND ELECTRONICS,24.0,0,Quito,Pichincha,A,11,3143.0,,,,,,60.01,2015-06-16
2277934,2016-07-05,24,EGGS,161.0,0,Guayaquil,Guayas,D,1,2172.0,,,,,,46.73,2016-07-05
88027,2013-02-19,29,HOME AND KITCHEN II,0.0,0,Guayaquil,Guayas,E,10,0.0,,,,,,96.69,2013-02-19
360879,2013-07-22,34,MEATS,210.827,0,Guayaquil,Guayas,B,6,2280.0,,,,,,106.61,2013-07-22
1465470,2015-04-05,28,CELEBRATION,0.0,0,Guayaquil,Guayas,E,10,1326.0,,,,,,49.13,2015-04-05
1268817,2014-12-15,10,AUTOMOTIVE,3.0,0,Quito,Pichincha,C,15,1128.0,,,,,,55.96,2014-12-15
1755825,2015-09-15,24,PLAYERS AND ELECTRONICS,10.0,0,Guayaquil,Guayas,D,1,2238.0,,,,,,44.58,2015-09-15
2531114,2016-11-24,28,HARDWARE,0.0,0,Guayaquil,Guayas,E,10,990.0,,,,,,46.72,2016-11-24
995249,2014-07-14,34,BEAUTY,2.0,0,Guayaquil,Guayas,B,6,2322.0,,,,,,101.73,2014-07-14
2456696,2016-10-13,4,FROZEN FOODS,50.176,2,Quito,Pichincha,D,9,1183.0,,,,,,50.47,2016-10-13
2543215,2016-12-01,18,BOOKS,0.0,0,Quito,Pichincha,B,16,0.0,,,,,,51.08,2016-12-01
1269328,2014-12-15,24,HOME AND KITCHEN II,6.0,0,Guayaquil,Guayas,D,1,2904.0,,,,,,55.96,2014-12-15
452463,2013-09-11,54,AUTOMOTIVE,6.0,0,El Carmen,Manabi,C,3,711.0,,,,,,107.65,2013-09-11
929291,2014-06-07,33,FROZEN FOODS,73.144,0,Quevedo,Los Rios,C,3,1415.0,,,,,,103.32,2014-06-07
2301542,2016-07-18,36,MAGAZINES,1.0,0,Libertad,Guayas,E,10,1028.0,,,,,,45.23,2016-07-18
976316,2014-07-03,52,FROZEN FOODS,0.0,0,Manta,Manabi,A,11,0.0,Holiday,Local,El Carmen,Cantonizacion de El Carmen,False,104.76,2014-07-03
1373751,2015-02-12,53,PLAYERS AND ELECTRONICS,0.0,0,Manta,Manabi,D,13,739.0,,,,,,51.17,2015-02-12
129227,2013-03-14,34,SEAFOOD,3.0,0,Guayaquil,Guayas,B,6,2365.0,,,,,,93.03,2013-03-14
1091773,2014-09-06,42,BABY CARE,0.0,0,Cuenca,Azuay,D,2,0.0,,,,,,93.32,2014-09-06
1992700,2016-01-27,20,POULTRY,184.383,0,Quito,Pichincha,B,6,1172.0,,,,,,32.32,2016-01-27
160703,2013-04-01,18,PET SUPPLIES,0.0,0,Quito,Pichincha,B,16,1483.0,Holiday,Regional,Cotopaxi,Provincializacion de Cotopaxi,False,97.1,2013-04-01
1487070,2015-04-17,33,MEATS,188.90399,0,Quevedo,Los Rios,C,3,935.0,,,,,,55.71,2015-04-17
1123489,2014-09-24,32,BOOKS,0.0,0,Guayaquil,Guayas,C,3,540.0,,,,,,93.6,2014-09-24
303826,2013-06-20,33,POULTRY,97.436,0,Quevedo,Los Rios,C,3,971.0,,,,,,94.89,2013-06-20
1465353,2015-04-05,24,LINGERIE,6.0,0,Guayaquil,Guayas,D,1,1580.0,,,,,,49.13,2015-04-05
1874301,2015-11-20,49,AUTOMOTIVE,10.0,0,Quito,Pichincha,A,11,2891.0,,,,,,39.39,2015-11-20
1603819,2015-06-22,1,LADIESWEAR,12.0,0,Quito,Pichincha,D,13,1824.0,,,,,,60.01,2015-06-22
220342,2013-05-04,41,BABY CARE,0.0,0,Machala,El Oro,D,4,995.0,,,,,,95.25,2013-05-04
2144971,2016-04-21,43,BOOKS,0.0,0,Esmeraldas,Esmeraldas,E,10,1289.0,Holiday,Local,Riobamba,Cantonizacion de Riobamba,False,43.18,2016-04-21
2451605,2016-10-10,47,BEAUTY,17.0,0,Quito,Pichincha,A,14,3419.0,,,,,,49.76,2016-10-10
1238083,2014-11-27,47,"LIQUOR,WINE,BEER",121.0,0,Quito,Pichincha,A,14,3241.0,,,,,,73.7,2014-11-27
2119223,2016-04-07,20,PREPARED FOODS,74.123,0,Quito,Pichincha,B,6,1409.0,,,,,,37.3,2016-04-07
2155418,2016-04-27,36,MAGAZINES,0.0,0,Libertad,Guayas,E,10,868.0,Event,National,Ecuador,Terremoto Manabi+11,False,45.29,2016-04-27
1673151,2015-07-30,54,HOME CARE,158.0,0,El Carmen,Manabi,C,3,713.0,,,,,,48.53,2015-07-30
2814506,2017-05-03,3,BEAUTY,7.0,1,Quito,Pichincha,D,8,3235.0,,,,,,47.79,2017-05-03
1634048,2015-07-08,8,LAWN AND GARDEN,16.0,1,Quito,Pichincha,D,8,3086.0,,,,,,51.61,2015-07-08
2829820,2017-05-12,1,BOOKS,0.0,0,Quito,Pichincha,D,13,1982.0,Holiday,Local,Puyo,Cantonizacion del Puyo,False,47.83,2017-05-12
1635771,2015-07-09,6,PLAYERS AND ELECTRONICS,12.0,0,Quito,Pichincha,D,13,1653.0,,,,,,52.76,2015-07-09
1093565,2014-09-07,42,FROZEN FOODS,0.0,0,Cuenca,Azuay,D,2,0.0,,,,,,93.32,2014-09-07
2071685,2016-03-11,37,FROZEN FOODS,184.185,1,Cuenca,Azuay,D,2,1570.0,,,,,,38.51,2016-03-11
2089911,2016-03-21,48,LINGERIE,1.0,0,Quito,Pichincha,A,14,2439.0,,,,,,39.91,2016-03-21
245610,2013-05-18,5,MEATS,360.859,0,Santo Domingo,Santo Domingo de los Tsachilas,D,4,1591.0,,,,,,95.72,2013-05-18
751643,2014-02-27,49,BEAUTY,2.0,0,Quito,Pichincha,A,11,2078.0,,,,,,102.68,2014-02-27
2964675,2017-07-26,42,LINGERIE,10.0,0,Cuenca,Azuay,D,2,1077.0,,,,,,48.58,2017-07-26
2798391,2017-04-24,27,MEATS,268.773,0,Daule,Guayas,D,1,1448.0,,,,,,48.9,2017-04-24
2227803,2016-06-07,18,CELEBRATION,6.0,0,Quito,Pichincha,B,16,1313.0,,,,,,50.37,2016-06-07
1590541,2015-06-14,37,CLEANING,1046.0,2,Cuenca,Azuay,D,2,1283.0,,,,,,59.96,2015-06-14
844675,2014-04-21,1,CLEANING,604.0,0,Quito,Pichincha,D,13,1776.0,Holiday,Local,Riobamba,Cantonizacion de Riobamba,False,104.35,2014-04-21
2215138,2016-05-31,12,GROCERY II,5.0,0,Latacunga,Cotopaxi,C,15,1366.0,,,,,,49.1,2016-05-31
1932201,2015-12-23,23,HOME CARE,132.0,1,Ambato,Tungurahua,D,9,1772.0,Additional,National,Ecuador,Navidad-2,False,36.76,2015-12-23
238750,2013-05-14,8,POULTRY,170.156,0,Quito,Pichincha,D,8,2521.0,,,,,,93.96,2013-05-14
1136084,2014-10-01,35,PET SUPPLIES,0.0,0,Playas,Guayas,C,3,701.0,,,,,,90.74,2014-10-01
2692601,2017-02-23,9,SEAFOOD,10.0,0,Quito,Pichincha,B,6,1892.0,,,,,,54.48,2017-02-23
2847405,2017-05-21,52,AUTOMOTIVE,26.0,0,Manta,Manabi,A,11,2827.0,,,,,,50.32,2017-05-21
2043100,2016-02-24,35,BOOKS,0.0,0,Playas,Guayas,C,3,685.0,,,,,,30.35,2016-02-24
963603,2014-06-26,46,BEVERAGES,1403.0,0,Quito,Pichincha,A,14,2634.0,,,,,,106.49,2014-06-26
1005767,2014-07-20,29,PET SUPPLIES,0.0,0,Guayaquil,Guayas,E,10,0.0,,,,,,103.83,2014-07-20
2937170,2017-07-11,21,BREAD/BAKERY,485.0,12,Santo Domingo,Santo Domingo de los Tsachilas,B,6,1096.0,,,,,,45.06,2017-07-11
466769,2013-09-19,6,HOME APPLIANCES,1.0,0,Quito,Pichincha,D,13,1456.0,,,,,,106.26,2013-09-19
46794,2013-01-27,22,AUTOMOTIVE,0.0,0,Puyo,Pastaza,C,7,0.0,,,,,,95.15,2013-01-27
2828020,2017-05-10,9,LADIESWEAR,6.0,0,Quito,Pichincha,B,6,1825.0,,,,,,47.28,2017-05-10
2819039,2017-05-05,7,HARDWARE,3.0,0,Quito,Pichincha,D,8,1958.0,,,,,,46.23,2017-05-05
680914,2014-01-19,14,PERSONAL CARE,134.0,0,Riobamba,Chimborazo,C,7,1241.0,,,,,,93.96,2014-01-19
2626292,2017-01-17,48,LAWN AND GARDEN,3.0,0,Quito,Pichincha,A,14,2354.0,,,,,,52.45,2017-01-17
1980257,2016-01-20,21,PET SUPPLIES,0.0,0,Santo Domingo,Santo Domingo de los Tsachilas,B,6,836.0,,,,,,26.68,2016-01-20
1339088,2015-01-24,31,HARDWARE,1.0,0,Babahoyo,Los Rios,B,10,1451.0,,,,,,45.26,2015-01-24
1698869,2015-08-14,26,PREPARED FOODS,23.0,0,Guayaquil,Guayas,D,10,553.0,,,,,,42.45,2015-08-14
2931858,2017-07-08,22,CELEBRATION,2.0,0,Puyo,Pastaza,C,7,820.0,,,,,,44.25,2017-07-08
2347401,2016-08-13,23,GROCERY I,1647.0,17,Ambato,Tungurahua,D,9,835.0,,,,,,44.47,2016-08-13
2223518,2016-06-04,47,FROZEN FOODS,446.193,3,Quito,Pichincha,A,14,4494.0,,,,,,48.69,2016-06-04
682254,2014-01-19,51,GROCERY I,5740.0,0,Guayaquil,Guayas,A,17,1810.0,,,,,,93.96,2014-01-19
1926580,2015-12-20,16,CLEANING,1256.0,1,Santo Domingo,Santo Domingo de los Tsachilas,C,3,1022.0,,,,,,34.72,2015-12-20
2741233,2017-03-23,23,"LIQUOR,WINE,BEER",262.0,4,Ambato,Tungurahua,D,9,1017.0,,,,,,47.0,2017-03-23
2487104,2016-10-30,42,PET SUPPLIES,8.0,0,Cuenca,Azuay,D,2,1278.0,,,,,,48.72,2016-10-30
2713897,2017-03-07,7,EGGS,310.0,1,Quito,Pichincha,D,8,1873.0,,,,,,52.68,2017-03-07
2555083,2016-12-07,5,PERSONAL CARE,306.0,17,Santo Domingo,Santo Domingo de los Tsachilas,D,4,1336.0,,,,,,49.85,2016-12-07
2403070,2016-09-13,35,EGGS,117.0,0,Playas,Guayas,C,3,565.0,,,,,,44.91,2016-09-13
1620030,2015-07-01,14,PLAYERS AND ELECTRONICS,4.0,0,Riobamba,Chimborazo,C,7,1424.0,,,,,,56.94,2015-07-01
1165712,2014-10-18,17,LAWN AND GARDEN,0.0,0,Quito,Pichincha,C,12,1437.0,,,,,,82.8,2014-10-18
2932457,2017-07-08,39,FROZEN FOODS,135.0,17,Cuenca,Azuay,B,6,1688.0,,,,,,44.25,2017-07-08
490764,2013-10-03,29,LINGERIE,0.0,0,Guayaquil,Guayas,E,10,0.0,,,,,,103.29,2013-10-03
317753,2013-06-28,24,PREPARED FOODS,160.454,0,Guayaquil,Guayas,D,1,2452.0,,,,,,96.36,2013-06-28
848939,2014-04-23,29,HARDWARE,0.0,0,Guayaquil,Guayas,E,10,0.0,,,,,,101.47,2014-04-23
1885573,2015-11-27,15,LADIESWEAR,2.0,0,Ibarra,Imbabura,C,15,1180.0,Event,National,Ecuador,Black Friday,False,40.57,2015-11-27
1463056,2015-04-04,10,BABY CARE,0.0,0,Quito,Pichincha,C,15,1266.0,,,,,,49.13,2015-04-04
843539,2014-04-20,27,PET SUPPLIES,0.0,0,Daule,Guayas,D,1,1655.0,,,,,,104.33,2014-04-20
931167,2014-06-08,36,CELEBRATION,0.0,0,Libertad,Guayas,E,10,1244.0,,,,,,103.32,2014-06-08
1847763,2015-11-05,53,PLAYERS AND ELECTRONICS,3.0,0,Manta,Manabi,D,13,705.0,,,,,,45.27,2015-11-05
2988857,2017-08-09,21,HARDWARE,0.0,0,Santo Domingo,Santo Domingo de los Tsachilas,B,6,965.0,,,,,,49.59,2017-08-09
1597320,2015-06-18,27,LINGERIE,7.0,0,Daule,Guayas,D,1,1310.0,,,,,,60.41,2015-06-18
1924960,2015-12-19,20,BOOKS,0.0,0,Quito,Pichincha,B,6,2139.0,,,,,,34.72,2015-12-19
2736158,2017-03-20,30,PREPARED FOODS,16.0,0,Guayaquil,Guayas,C,3,742.0,,,,,,47.79,2017-03-20
1520793,2015-05-06,3,LINGERIE,23.0,0,Quito,Pichincha,D,8,3197.0,,,,,,60.93,2015-05-06
904160,2014-05-24,28,PET SUPPLIES,0.0,0,Guayaquil,Guayas,E,10,1300.0,Holiday,National,Ecuador,Batalla de Pichincha,False,105.01,2014-05-24
13579,2013-01-08,4,HOME AND KITCHEN II,0.0,0,Quito,Pichincha,D,9,1397.0,,,,,,93.21,2013-01-08
994871,2014-07-14,23,LAWN AND GARDEN,0.0,0,Ambato,Tungurahua,D,9,965.0,,,,,,101.73,2014-07-14
1040988,2014-08-09,18,BEVERAGES,971.0,0,Quito,Pichincha,B,16,1207.0,,,,,,97.61,2014-08-09
695000,2014-01-27,1,LAWN AND GARDEN,4.0,0,Quito,Pichincha,D,13,1765.0,,,,,,95.82,2014-01-27
2925488,2017-07-04,43,BREAD/BAKERY,572.0,6,Esmeraldas,Esmeraldas,E,10,1543.0,,,,,,46.02,2017-07-04
653762,2014-01-03,51,SEAFOOD,101.5535,0,Guayaquil,Guayas,A,17,1679.0,,,,,,93.66,2014-01-03
1723878,2015-08-28,28,MEATS,136.046,0,Guayaquil,Guayas,E,10,922.0,,,,,,45.29,2015-08-28
2375535,2016-08-29,12,PRODUCE,328.028,2,Latacunga,Cotopaxi,C,15,1105.0,,,,,,46.97,2016-08-29
461147,2013-09-16,48,BREAD/BAKERY,526.409,0,Quito,Pichincha,A,14,2616.0,,,,,,106.54,2013-09-16
136102,2013-03-18,28,EGGS,93.0,0,Guayaquil,Guayas,E,10,990.0,,,,,,93.71,2013-03-18
892671,2014-05-17,6,LINGERIE,8.0,0,Quito,Pichincha,D,13,2161.0,,,,,,102.31,2014-05-17
794631,2014-03-23,54,MEATS,62.271,0,El Carmen,Manabi,C,3,1013.0,,,,,,99.97,2014-03-23
887002,2014-05-14,46,POULTRY,716.902,0,Quito,Pichincha,A,14,2991.0,,,,,,102.63,2014-05-14
2427781,2016-09-27,29,BOOKS,0.0,0,Guayaquil,Guayas,E,10,1074.0,,,,,,44.65,2016-09-27
147706,2013-03-24,52,SCHOOL AND OFFICE SUPPLIES,0.0,0,Manta,Manabi,A,11,0.0,,,,,,93.41,2013-03-24
710498,2014-02-04,44,DAIRY,1946.0,0,Quito,Pichincha,A,5,3742.0,,,,,,97.24,2014-02-04
197358,2013-04-21,46,HOME CARE,0.0,0,Quito,Pichincha,A,14,4582.0,Holiday,Local,Riobamba,Cantonizacion de Riobamba,False,88.04,2013-04-21
2356939,2016-08-18,40,GROCERY II,0.0,0,Machala,El Oro,C,3,1263.0,,,,,,48.2,2016-08-18
836149,2014-04-16,2,POULTRY,468.76,0,Quito,Pichincha,D,13,1991.0,,,,,,103.71,2014-04-16
1388835,2015-02-21,27,PRODUCE,41.0,0,Daule,Guayas,D,1,1918.0,,,,,,49.95,2015-02-21
1603634,2015-06-21,53,SEAFOOD,9.0,1,Manta,Manabi,D,13,1132.0,,,,,,59.62,2015-06-21
1041631,2014-08-09,35,LADIESWEAR,0.0,0,Playas,Guayas,C,3,661.0,,,,,,97.61,2014-08-09
2341718,2016-08-10,14,BREAD/BAKERY,134.0,7,Riobamba,Chimborazo,C,7,1259.0,Holiday,National,Ecuador,Primer Grito de Independencia,True,41.75,2016-08-10
351054,2013-07-17,1,AUTOMOTIVE,2.0,0,Quito,Pichincha,D,13,1846.0,,,,,,106.39,2013-07-17
378851,2013-08-01,39,FROZEN FOODS,47.795,0,Cuenca,Azuay,B,6,1420.0,,,,,,107.93,2013-08-01
764688,2014-03-07,15,GROCERY I,2447.0,0,Ibarra,Imbabura,C,15,1276.0,,,,,,102.82,2014-03-07
1152843,2014-10-10,6,LINGERIE,5.0,0,Quito,Pichincha,D,13,1842.0,Transfer,National,Ecuador,Traslado Independencia de Guayaquil,False,85.87,2014-10-10
2662435,2017-02-07,12,POULTRY,139.228,0,Latacunga,Cotopaxi,C,15,1158.0,,,,,,52.19,2017-02-07
493532,2013-10-04,7,HOME APPLIANCES,0.0,0,Quito,Pichincha,D,8,2046.0,,,,,,103.83,2013-10-04
2664136,2017-02-08,10,GROCERY II,2.0,0,Quito,Pichincha,C,15,817.0,,,,,,52.37,2017-02-08
2573148,2016-12-17,8,CELEBRATION,54.0,0,Quito,Pichincha,D,8,3626.0,,,,,,51.93,2016-12-17
1905522,2015-12-08,25,BEVERAGES,1248.0,15,Salinas,Santa Elena,D,1,644.0,Holiday,Local,Loja,Fundacion de Loja,False,37.46,2015-12-08
2701086,2017-02-28,47,BEVERAGES,12696.0,19,Quito,Pichincha,A,14,4312.0,Holiday,National,Ecuador,Carnaval,False,54.0,2017-02-28
1100114,2014-09-11,26,PET SUPPLIES,0.0,0,Guayaquil,Guayas,D,10,460.0,,,,,,92.89,2014-09-11
1388293,2015-02-21,12,HOME AND KITCHEN II,8.0,0,Latacunga,Cotopaxi,C,15,1295.0,,,,,,49.95,2015-02-21
2431089,2016-09-29,21,GROCERY I,2917.579,98,Santo Domingo,Santo Domingo de los Tsachilas,B,6,868.0,,,,,,47.72,2016-09-29
2472328,2016-10-22,29,BABY CARE,1.0,0,Guayaquil,Guayas,E,10,1191.0,,,,,,50.61,2016-10-22
1139267,2014-10-03,25,DAIRY,586.0,3,Salinas,Santa Elena,D,1,1089.0,,,,,,89.76,2014-10-03
376695,2013-07-31,29,AUTOMOTIVE,0.0,0,Guayaquil,Guayas,E,10,0.0,,,,,,105.1,2013-07-31
850626,2014-04-24,26,HOME CARE,0.0,0,Guayaquil,Guayas,D,10,575.0,,,,,,102.2,2014-04-24
2519057,2016-11-17,4,BEAUTY,5.0,1,Quito,Pichincha,D,9,1301.0,,,,,,45.37,2016-11-17
2435058,2016-10-01,32,LINGERIE,0.0,0,Guayaquil,Guayas,C,3,751.0,,,,,,47.72,2016-10-01
529431,2013-10-25,14,GROCERY I,2083.0,0,Riobamba,Chimborazo,C,7,1258.0,,,,,,97.4,2013-10-25
2636555,2017-01-23,36,LAWN AND GARDEN,10.0,0,Libertad,Guayas,E,10,1115.0,,,,,,52.77,2017-01-23
782590,2014-03-17,17,POULTRY,286.766,0,Quito,Pichincha,C,12,1339.0,,,,,,98.43,2014-03-17
2856409,2017-05-26,54,POULTRY,86.075,9,El Carmen,Manabi,C,3,793.0,Transfer,National,Ecuador,Traslado Batalla de Pichincha,False,49.58,2017-05-26
1383901,2015-02-18,39,GROCERY II,27.0,0,Cuenca,Azuay,B,6,1490.0,,,,,,52.13,2015-02-18
2556209,2016-12-08,31,PREPARED FOODS,68.142,0,Babahoyo,Los Rios,B,10,1437.0,Holiday,Local,Loja,Fundacion de Loja,False,50.84,2016-12-08
571111,2013-11-17,33,GROCERY II,7.0,0,Quevedo,Los Rios,C,3,1208.0,,,,,,93.8,2013-11-17
1631954,2015-07-07,49,BREAD/BAKERY,1213.866,0,Quito,Pichincha,A,11,2708.0,,,,,,52.33,2015-07-07
303210,2013-06-20,17,CELEBRATION,0.0,0,Quito,Pichincha,C,12,1139.0,,,,,,94.89,2013-06-20
582772,2013-11-24,10,PERSONAL CARE,207.0,0,Quito,Pichincha,C,15,1012.0,,,,,,94.53,2013-11-24
2641565,2017-01-26,27,HARDWARE,2.0,0,Daule,Guayas,D,1,1345.0,,,,,,53.24,2017-01-26
516223,2013-10-17,43,BOOKS,0.0,0,Esmeraldas,Esmeraldas,E,10,1110.0,,,,,,100.72,2013-10-17
330567,2013-07-05,34,CELEBRATION,0.0,0,Guayaquil,Guayas,B,6,2458.0,,,,,,103.09,2013-07-05
1761402,2015-09-18,30,PLAYERS AND ELECTRONICS,1.0,0,Guayaquil,Guayas,C,3,725.0,,,,,,44.71,2015-09-18
524592,2013-10-22,28,MEATS,174.13899,0,Guayaquil,Guayas,E,10,1027.0,,,,,,97.63,2013-10-22
2002372,2016-02-01,41,SCHOOL AND OFFICE SUPPLIES,0.0,0,Machala,El Oro,D,4,1022.0,,,,,,31.62,2016-02-01
1586777,2015-06-12,31,BREAD/BAKERY,406.0,0,Babahoyo,Los Rios,B,10,1181.0,,,,,,59.96,2015-06-12
1691443,2015-08-10,18,POULTRY,221.286,0,Quito,Pichincha,B,16,1028.0,Holiday,National,Ecuador,Primer Grito de Independencia,False,44.94,2015-08-10
764612,2014-03-07,13,BEAUTY,0.0,0,Latacunga,Cotopaxi,C,15,866.0,,,,,,102.82,2014-03-07
524865,2013-10-22,36,AUTOMOTIVE,3.0,0,Libertad,Guayas,E,10,922.0,,,,,,97.63,2013-10-22
2685804,2017-02-20,19,AUTOMOTIVE,3.0,0,Guaranda,Bolivar,C,15,1127.0,,,,,,53.41,2017-02-20
2081401,2016-03-17,1,PERSONAL CARE,139.0,7,Quito,Pichincha,D,13,1660.0,,,,,,40.17,2016-03-17
2228430,2016-06-07,35,CELEBRATION,0.0,0,Playas,Guayas,C,3,599.0,,,,,,50.37,2016-06-07
2485586,2016-10-29,5,PET SUPPLIES,4.0,0,Santo Domingo,Santo Domingo de los Tsachilas,D,4,1161.0,,,,,,48.72,2016-10-29
11432,2013-01-07,3,HARDWARE,5.0,0,Quito,Pichincha,D,8,2996.0,,,,,,93.2,2013-01-07
139044,2013-03-20,10,HOME AND KITCHEN I,0.0,0,Quito,Pichincha,C,15,956.0,,,,,,93.21,2013-03-20
2142557,2016-04-20,25,SEAFOOD,3.0,0,Salinas,Santa Elena,D,1,773.0,Event,National,Ecuador,Terremoto Manabi+4,False,42.72,2016-04-20
1056776,2014-08-18,10,HOME APPLIANCES,0.0,0,Quito,Pichincha,C,15,1080.0,,,,,,96.44,2014-08-18
2568285,2016-12-15,20,PLAYERS AND ELECTRONICS,11.0,0,Quito,Pichincha,B,6,1361.0,,,,,,50.9,2016-12-15
2376247,2016-08-29,32,HOME AND KITCHEN II,1.0,0,Guayaquil,Guayas,C,3,547.0,,,,,,46.97,2016-08-29
2522483,2016-11-19,35,PREPARED FOODS,29.0,2,Playas,Guayas,C,3,680.0,,,,,,45.69,2016-11-19
1012262,2014-07-24,11,LAWN AND GARDEN,1.0,0,Cayambe,Pichincha,B,6,2243.0,Additional,Local,Guayaquil,Fundacion de Guayaquil-1,False,102.76,2014-07-24
941863,2014-06-14,36,EGGS,115.0,1,Libertad,Guayas,E,10,1204.0,,,,,,107.49,2014-06-14
2883129,2017-06-10,54,HOME CARE,213.0,12,El Carmen,Manabi,C,3,907.0,,,,,,45.82,2017-06-10
1115026,2014-09-19,44,"LIQUOR,WINE,BEER",408.0,0,Quito,Pichincha,A,5,4057.0,,,,,,92.43,2014-09-19
2528939,2016-11-23,17,HOME APPLIANCES,0.0,0,Quito,Pichincha,C,12,1332.0,,,,,,46.72,2016-11-23
59619,2013-02-03,31,LINGERIE,2.0,0,Babahoyo,Los Rios,B,10,1470.0,,,,,,97.46,2013-02-03
1214124,2014-11-14,25,LINGERIE,7.0,0,Salinas,Santa Elena,D,1,837.0,,,,,,75.91,2014-11-14
289301,2013-06-12,26,MAGAZINES,0.0,0,Guayaquil,Guayas,D,10,712.0,,,,,,95.98,2013-06-12
22215,2013-01-13,32,CELEBRATION,0.0,0,Guayaquil,Guayas,C,3,753.0,,,,,,93.6,2013-01-13
1755662,2015-09-15,2,PREPARED FOODS,116.126,0,Quito,Pichincha,D,13,1822.0,,,,,,44.58,2015-09-15
2081232,2016-03-16,54,LINGERIE,0.0,0,El Carmen,Manabi,C,3,693.0,,,,,,38.43,2016-03-16
120611,2013-03-09,42,PREPARED FOODS,0.0,0,Cuenca,Azuay,D,2,0.0,,,,,,92.01,2013-03-09
1113191,2014-09-18,43,BEAUTY,2.0,0,Esmeraldas,Esmeraldas,E,10,1156.0,,,,,,93.07,2014-09-18
1050224,2014-08-14,26,SEAFOOD,6.0,0,Guayaquil,Guayas,D,10,513.0,,,,,,95.54,2014-08-14
1137890,2014-10-02,36,HOME APPLIANCES,0.0,0,Libertad,Guayas,E,10,1071.0,,,,,,91.02,2014-10-02
1236968,2014-11-27,16,PREPARED FOODS,45.0,0,Santo Domingo,Santo Domingo de los Tsachilas,C,3,778.0,,,,,,73.7,2014-11-27
1350466,2015-01-30,50,CLEANING,1212.0,4,Ambato,Tungurahua,A,14,2404.0,,,,,,47.79,2015-01-30
846302,2014-04-21,54,HOME APPLIANCES,0.0,0,El Carmen,Manabi,C,3,813.0,Holiday,Local,Riobamba,Cantonizacion de Riobamba,False,104.35,2014-04-21
2204286,2016-05-24,8,HOME CARE,274.0,1,Quito,Pichincha,D,8,2363.0,Holiday,National,Ecuador,Batalla de Pichincha,True,48.04,2016-05-24
1508204,2015-04-29,27,BREAD/BAKERY,487.20898,1,Daule,Guayas,D,1,1370.0,,,,,,58.55,2015-04-29
41224,2013-01-24,16,CLEANING,728.0,0,Santo Domingo,Santo Domingo de los Tsachilas,C,3,857.0,,,,,,95.35,2013-01-24
2398602,2016-09-11,1,PRODUCE,1097.069,0,Quito,Pichincha,D,13,481.0,,,,,,45.88,2016-09-11
122930,2013-03-10,9,BREAD/BAKERY,880.0,0,Quito,Pichincha,B,6,2582.0,,,,,,92.01,2013-03-10
525024,2013-10-22,4,PLAYERS AND ELECTRONICS,0.0,0,Quito,Pichincha,D,9,1353.0,,,,,,97.63,2013-10-22
1813776,2015-10-17,5,PRODUCE,1541.233,0,Santo Domingo,Santo Domingo de los Tsachilas,D,4,1309.0,,,,,,47.3,2015-10-17
1031828,2014-08-04,10,HOME APPLIANCES,1.0,0,Quito,Pichincha,C,15,1137.0,,,,,,98.26,2014-08-04
2017647,2016-02-10,20,PLAYERS AND ELECTRONICS,2.0,0,Quito,Pichincha,B,6,1223.0,,,,,,27.54,2016-02-10
1062416,2014-08-21,19,HARDWARE,0.0,0,Guaranda,Bolivar,C,15,1115.0,,,,,,93.97,2014-08-21
1491765,2015-04-20,16,AUTOMOTIVE,9.0,0,Santo Domingo,Santo Domingo de los Tsachilas,C,3,913.0,,,,,,56.37,2015-04-20
1687301,2015-08-07,51,FROZEN FOODS,322.853,2,Guayaquil,Guayas,A,17,1805.0,,,,,,43.87,2015-08-07
2166812,2016-05-03,6,SEAFOOD,45.975998,0,Quito,Pichincha,D,13,1707.0,Event,National,Ecuador,Terremoto Manabi+17,False,43.65,2016-05-03
1288635,2014-12-27,16,HOME CARE,296.0,0,Santo Domingo,Santo Domingo de los Tsachilas,C,3,971.0,,,,,,54.59,2014-12-27
979091,2014-07-05,30,HARDWARE,0.0,0,Guayaquil,Guayas,C,3,782.0,Event,National,Ecuador,Mundial de futbol Brasil: Cuartos de Final,False,104.76,2014-07-05
172006,2013-04-07,35,EGGS,23.0,0,Playas,Guayas,C,3,634.0,,,,,,92.76,2013-04-07
2417019,2016-09-21,27,AUTOMOTIVE,6.0,0,Daule,Guayas,D,1,1414.0,,,,,,45.33,2016-09-21
2242668,2016-06-15,34,LINGERIE,3.0,0,Guayaquil,Guayas,B,6,1969.0,,,,,,47.92,2016-06-15
2984591,2017-08-06,51,BREAD/BAKERY,1241.872,11,Guayaquil,Guayas,A,17,1854.0,,,,,,49.57,2017-08-06
1405317,2015-03-02,4,GROCERY I,3444.0,6,Quito,Pichincha,D,9,1404.0,Holiday,Local,Manta,Fundacion de Manta,False,49.59,2015-03-02
2337193,2016-08-07,37,BABY CARE,0.0,0,Cuenca,Azuay,D,2,941.0,,,,,,41.83,2016-08-07
271609,2013-06-02,3,LADIESWEAR,0.0,0,Quito,Pichincha,D,8,3632.0,,,,,,91.93,2013-06-02
346999,2013-07-14,45,BOOKS,0.0,0,Quito,Pichincha,A,11,4135.0,,,,,,105.85,2013-07-14
2142965,2016-04-20,37,FROZEN FOODS,95.0,1,Cuenca,Azuay,D,2,1537.0,Event,National,Ecuador,Terremoto Manabi+4,False,42.72,2016-04-20
154875,2013-03-28,54,CELEBRATION,0.0,0,El Carmen,Manabi,C,3,1045.0,,,,,,97.24,2013-03-28
93981,2013-02-22,45,PRODUCE,0.0,0,Quito,Pichincha,A,11,3142.0,,,,,,93.12,2013-02-22
1162472,2014-10-16,26,HARDWARE,1.0,0,Guayaquil,Guayas,D,10,549.0,,,,,,82.33,2014-10-16
253645,2013-05-23,26,CLEANING,387.0,0,Guayaquil,Guayas,D,10,638.0,,,,,,94.12,2013-05-23
1050215,2014-08-14,26,MAGAZINES,0.0,0,Guayaquil,Guayas,D,10,513.0,,,,,,95.54,2014-08-14
786475,2014-03-19,26,LADIESWEAR,1.0,0,Guayaquil,Guayas,D,10,837.0,,,,,,100.71,2014-03-19
2999915,2017-08-15,31,HOME APPLIANCES,0.0,0,Babahoyo,Los Rios,B,10,1360.0,Holiday,Local,Riobamba,Fundacion de Riobamba,False,47.57,2017-08-15
594870,2013-11-30,5,GROCERY I,3091.0,0,Santo Domingo,Santo Domingo de los Tsachilas,D,4,1454.0,,,,,,92.55,2013-11-30
755794,2014-03-02,15,POULTRY,123.018005,0,Ibarra,Imbabura,C,15,863.0,Holiday,Local,Manta,Fundacion de Manta,False,102.88,2014-03-02
1332669,2015-01-20,50,PRODUCE,5.0,0,Ambato,Tungurahua,A,14,2199.0,,,,,,46.79,2015-01-20
377970,2013-08-01,14,LINGERIE,13.0,0,Riobamba,Chimborazo,C,7,1570.0,,,,,,107.93,2013-08-01
2192477,2016-05-18,26,MAGAZINES,0.0,0,Guayaquil,Guayas,D,10,467.0,,,,,,48.12,2016-05-18
441468,2013-09-05,45,PLAYERS AND ELECTRONICS,0.0,0,Quito,Pichincha,A,11,3151.0,,,,,,108.5,2013-09-05
1324284,2015-01-16,16,PLAYERS AND ELECTRONICS,0.0,0,Santo Domingo,Santo Domingo de los Tsachilas,C,3,809.0,,,,,,48.49,2015-01-16
1757445,2015-09-16,2,PRODUCE,3822.319,190,Quito,Pichincha,D,13,1983.0,,,,,,47.12,2015-09-16
854348,2014-04-26,30,FROZEN FOODS,43.0,0,Guayaquil,Guayas,C,3,769.0,,,,,,100.85,2014-04-26
915532,2014-05-30,47,GROCERY II,52.0,0,Quito,Pichincha,A,14,3866.0,,,,,,103.4,2014-05-30
387493,2013-08-06,31,CLEANING,915.0,0,Babahoyo,Los Rios,B,10,1290.0,,,,,,105.32,2013-08-06
2542694,2016-11-30,52,FROZEN FOODS,0.0,0,Manta,Manabi,A,11,0.0,,,,,,49.41,2016-11-30
2317705,2016-07-27,4,HOME AND KITCHEN II,4.0,0,Quito,Pichincha,D,9,1447.0,,,,,,41.9,2016-07-27
723110,2014-02-11,48,HARDWARE,0.0,0,Quito,Pichincha,A,14,2647.0,,,,,,99.96,2014-02-11
2637458,2017-01-24,11,SEAFOOD,21.0,1,Cayambe,Pichincha,B,6,1966.0,,,,,,52.38,2017-01-24
1498509,2015-04-23,54,GROCERY I,1573.0,12,El Carmen,Manabi,C,3,703.0,,,,,,56.59,2015-04-23
1640332,2015-07-12,34,BABY CARE,0.0,0,Guayaquil,Guayas,B,6,2122.0,,,,,,52.74,2015-07-12
1658464,2015-07-22,42,HOME AND KITCHEN II,0.0,0,Cuenca,Azuay,D,2,0.0,,,,,,49.27,2015-07-22
519713,2013-10-19,40,PREPARED FOODS,38.0,0,Machala,El Oro,C,3,1080.0,,,,,,100.87,2013-10-19
444212,2013-09-07,22,SEAFOOD,0.0,0,Puyo,Pastaza,C,7,0.0,,,,,,110.62,2013-09-07
2350321,2016-08-14,54,POULTRY,82.331,0,El Carmen,Manabi,C,3,1004.0,,,,,,44.47,2016-08-14
2585332,2016-12-24,49,GROCERY II,128.0,0,Quito,Pichincha,A,11,6123.0,Additional,National,Ecuador,Navidad-1,False,52.01,2016-12-24
839397,2014-04-18,11,DELI,203.229,0,Cayambe,Pichincha,B,6,2579.0,Holiday,National,Ecuador,Viernes Santo,False,104.33,2014-04-18
922850,2014-06-03,52,BREAD/BAKERY,0.0,0,Manta,Manabi,A,11,0.0,,,,,,103.34,2014-06-03
1472524,2015-04-09,25,SCHOOL AND OFFICE SUPPLIES,0.0,0,Salinas,Santa Elena,D,1,851.0,,,,,,50.79,2015-04-09
2925131,2017-07-04,33,FROZEN FOODS,74.0,0,Quevedo,Los Rios,C,3,1031.0,,,,,,46.02,2017-07-04
2219569,2016-06-02,36,"LIQUOR,WINE,BEER",32.0,1,Libertad,Guayas,E,10,1139.0,,,,,,49.14,2016-06-02
1403459,2015-03-01,38,BEAUTY,4.0,0,Loja,Loja,D,4,2612.0,,,,,,49.84,2015-03-01
1771606,2015-09-24,18,BABY CARE,0.0,0,Quito,Pichincha,B,16,1267.0,,,,,,44.94,2015-09-24
2208744,2016-05-27,32,LINGERIE,6.0,0,Guayaquil,Guayas,C,3,650.0,Transfer,National,Ecuador,Traslado Batalla de Pichincha,False,49.36,2016-05-27
1652436,2015-07-19,23,PLAYERS AND ELECTRONICS,3.0,0,Ambato,Tungurahua,D,9,931.0,,,,,,50.88,2015-07-19
187506,2013-04-16,20,AUTOMOTIVE,0.0,0,Quito,Pichincha,B,6,0.0,,,,,,88.73,2013-04-16
746112,2014-02-24,43,HOME AND KITCHEN I,0.0,0,Esmeraldas,Esmeraldas,E,10,1385.0,,,,,,103.17,2014-02-24
2766320,2017-04-06,27,PREPARED FOODS,44.055,0,Daule,Guayas,D,1,1467.0,,,,,,51.69,2017-04-06
713552,2014-02-06,3,PET SUPPLIES,0.0,0,Quito,Pichincha,D,8,2815.0,,,,,,97.84,2014-02-06
919668,2014-06-02,13,MEATS,153.705,0,Latacunga,Cotopaxi,C,15,1013.0,,,,,,103.07,2014-06-02
2496720,2016-11-05,13,CELEBRATION,11.0,0,Latacunga,Cotopaxi,C,15,955.0,,,,,,44.07,2016-11-05
2791679,2017-04-20,39,FROZEN FOODS,45.0,4,Cuenca,Azuay,B,6,1152.0,,,,,,50.26,2017-04-20
2439115,2016-10-03,46,LADIESWEAR,26.0,0,Quito,Pichincha,A,14,3222.0,,,,,,48.8,2016-10-03
476026,2013-09-25,16,BABY CARE,0.0,0,Santo Domingo,Santo Domingo de los Tsachilas,C,3,806.0,,,,,,102.68,2013-09-25
2008260,2016-02-04,8,GROCERY I,3679.0,80,Quito,Pichincha,D,8,2580.0,,,,,,31.63,2016-02-04
2613928,2017-01-10,50,SCHOOL AND OFFICE SUPPLIES,6.0,0,Ambato,Tungurahua,A,14,2216.0,,,,,,50.82,2017-01-10
163402,2013-04-02,43,LADIESWEAR,0.0,0,Esmeraldas,Esmeraldas,E,10,1206.0,,,,,,97.23,2013-04-02
2027756,2016-02-15,54,BREAD/BAKERY,207.0,0,El Carmen,Manabi,C,3,821.0,,,,,,29.32,2016-02-15
188252,2013-04-16,40,LAWN AND GARDEN,0.0,0,Machala,El Oro,C,3,1162.0,,,,,,88.73,2013-04-16
892003,2014-05-17,37,GROCERY II,26.0,0,Cuenca,Azuay,D,2,1607.0,,,,,,102.31,2014-05-17
655970,2014-01-05,14,PREPARED FOODS,40.0,0,Riobamba,Chimborazo,C,7,1330.0,,,,,,93.66,2014-01-05
1295023,2014-12-30,45,BOOKS,0.0,0,Quito,Pichincha,A,11,5276.0,,,,,,54.14,2014-12-30
162550,2013-04-02,2,PERSONAL CARE,156.0,0,Quito,Pichincha,D,13,1724.0,,,,,,97.23,2013-04-02
893602,2014-05-18,31,POULTRY,156.421,0,Babahoyo,Los Rios,B,10,1674.0,,,,,,102.31,2014-05-18
1678372,2015-08-02,50,PERSONAL CARE,909.0,0,Ambato,Tungurahua,A,14,3147.0,,,,,,47.11,2015-08-02
327658,2013-07-03,52,BABY CARE,0.0,0,Manta,Manabi,A,11,0.0,Holiday,Local,El Carmen,Cantonizacion de El Carmen,False,101.92,2013-07-03
2476060,2016-10-24,33,BOOKS,0.0,0,Quevedo,Los Rios,C,3,869.0,,,,,,50.18,2016-10-24
1864684,2015-11-15,29,LADIESWEAR,0.0,0,Guayaquil,Guayas,E,10,1271.0,,,,,,40.69,2015-11-15
1970374,2016-01-14,44,EGGS,403.0,0,Quito,Pichincha,A,5,3784.0,,,,,,31.22,2016-01-14
2295338,2016-07-15,12,MAGAZINES,1.0,0,Latacunga,Cotopaxi,C,15,1126.0,,,,,,45.93,2016-07-15
2462068,2016-10-16,40,BOOKS,0.0,0,Machala,El Oro,C,3,1206.0,,,,,,50.35,2016-10-16
749229,2014-02-26,30,PRODUCE,0.0,0,Guayaquil,Guayas,C,3,648.0,,,,,,102.93,2014-02-26
1821225,2015-10-22,1,LINGERIE,11.0,0,Quito,Pichincha,D,13,1654.0,,,,,,44.9,2015-10-22
2271799,2016-07-01,51,GROCERY II,37.0,0,Guayaquil,Guayas,A,17,1935.0,,,,,,49.02,2016-07-01
1924176,2015-12-18,48,GROCERY I,7394.0,20,Quito,Pichincha,A,14,3326.0,,,,,,34.72,2015-12-18
1615105,2015-06-28,26,LADIESWEAR,6.0,0,Guayaquil,Guayas,D,10,593.0,,,,,,59.41,2015-06-28
2384241,2016-09-02,7,MEATS,805.489,49,Quito,Pichincha,D,8,2050.0,,,,,,44.39,2016-09-02
717835,2014-02-08,5,LADIESWEAR,0.0,0,Santo Domingo,Santo Domingo de los Tsachilas,D,4,1654.0,,,,,,99.98,2014-02-08
562037,2013-11-12,29,HARDWARE,0.0,0,Guayaquil,Guayas,E,10,0.0,Holiday,Local,Ambato,Independencia de Ambato,False,93.12,2013-11-12
976224,2014-07-03,5,HOME CARE,230.0,1,Santo Domingo,Santo Domingo de los Tsachilas,D,4,1142.0,Holiday,Local,El Carmen,Cantonizacion de El Carmen,False,104.76,2014-07-03
1872128,2015-11-19,38,BREAD/BAKERY,438.0,0,Loja,Loja,D,4,1286.0,,,,,,40.55,2015-11-19
1367449,2015-02-09,27,POULTRY,466.28,0,Daule,Guayas,D,1,1522.0,,,,,,52.99,2015-02-09
1224272,2014-11-20,10,BREAD/BAKERY,97.0,1,Quito,Pichincha,C,15,992.0,,,,,,75.63,2014-11-20
2660803,2017-02-06,17,GROCERY II,7.0,0,Quito,Pichincha,C,12,1545.0,,,,,,53.01,2017-02-06
1565805,2015-05-31,42,LINGERIE,0.0,0,Cuenca,Azuay,D,2,0.0,,,,,,60.25,2015-05-31
1679534,2015-08-03,33,SEAFOOD,4.0,0,Quevedo,Los Rios,C,3,1197.0,,,,,,45.25,2015-08-03
1621802,2015-07-02,14,HOME APPLIANCES,1.0,0,Riobamba,Chimborazo,C,7,1454.0,,,,,,56.93,2015-07-02
379900,2013-08-02,19,BOOKS,0.0,0,Guaranda,Bolivar,C,15,1160.0,,,,,,106.94,2013-08-02
2637318,2017-01-23,8,MEATS,430.748,1,Quito,Pichincha,D,8,2608.0,,,,,,52.77,2017-01-23
442379,2013-09-06,21,HARDWARE,0.0,0,Santo Domingo,Santo Domingo de los Tsachilas,B,6,0.0,,,,,,110.62,2013-09-06
2597189,2017-01-01,31,MAGAZINES,0.0,0,Babahoyo,Los Rios,B,10,0.0,Holiday,National,Ecuador,Primer dia del ano,True,53.75,2017-01-01
964688,2014-06-27,26,SEAFOOD,0.0,0,Guayaquil,Guayas,D,10,597.0,,,,,,106.46,2014-06-27
1142620,2014-10-05,19,POULTRY,92.333,0,Guaranda,Bolivar,C,15,1319.0,,,,,,89.76,2014-10-05
619540,2013-12-14,41,SCHOOL AND OFFICE SUPPLIES,0.0,0,Machala,El Oro,D,4,1243.0,,,,,,96.27,2013-12-14
1893828,2015-12-01,46,MEATS,982.426,1,Quito,Pichincha,A,14,3296.0,,,,,,40.58,2015-12-01
702288,2014-01-31,14,HOME AND KITCHEN I,11.0,0,Riobamba,Chimborazo,C,7,1257.0,,,,,,97.55,2014-01-31
1959592,2016-01-08,41,LADIESWEAR,9.0,0,Machala,El Oro,D,4,1067.0,,,,,,33.2,2016-01-08
892418,2014-05-17,48,SEAFOOD,45.111,0,Quito,Pichincha,A,14,4035.0,,,,,,102.31,2014-05-17
1692481,2015-08-10,47,EGGS,466.0,1,Quito,Pichincha,A,14,4049.0,Holiday,National,Ecuador,Primer Grito de Independencia,False,44.94,2015-08-10
2900616,2017-06-20,45,HOME AND KITCHEN I,60.0,5,Quito,Pichincha,A,11,3456.0,,,,,,43.34,2017-06-20
992395,2014-07-12,53,LADIESWEAR,5.0,0,Manta,Manabi,D,13,934.0,Event,National,Ecuador,Mundial de futbol Brasil: Tercer y cuarto lugar,False,101.48,2014-07-12
60898,2013-02-04,18,GROCERY II,15.0,0,Quito,Pichincha,B,16,1224.0,,,,,,96.21,2013-02-04
2557864,2016-12-09,29,BABY CARE,0.0,0,Guayaquil,Guayas,E,10,1127.0,,,,,,51.51,2016-12-09
2949273,2017-07-18,10,PRODUCE,340.344,71,Quito,Pichincha,C,15,904.0,,,,,,46.4,2017-07-18
324104,2013-07-01,52,FROZEN FOODS,0.0,0,Manta,Manabi,A,11,0.0,,,,,,97.94,2013-07-01
213954,2013-05-01,12,HOME AND KITCHEN I,0.0,0,Latacunga,Cotopaxi,C,15,1306.0,Holiday,National,Ecuador,Dia del Trabajo,False,90.74,2013-05-01
280825,2013-06-07,38,POULTRY,103.799,0,Loja,Loja,D,4,1641.0,,,,,,96.11,2013-06-07
2980003,2017-08-04,23,BOOKS,0.0,0,Ambato,Tungurahua,D,9,1022.0,,,,,,49.57,2017-08-04
82778,2013-02-16,31,HARDWARE,0.0,0,Babahoyo,Los Rios,B,10,1500.0,,,,,,95.95,2013-02-16
1004484,2014-07-19,42,PRODUCE,0.0,0,Cuenca,Azuay,D,2,0.0,,,,,,103.83,2014-07-19
1444067,2015-03-24,27,LAWN AND GARDEN,7.0,0,Daule,Guayas,D,1,1477.0,,,,,,47.03,2015-03-24
2327985,2016-08-02,29,AUTOMOTIVE,5.0,0,Guayaquil,Guayas,E,10,1293.0,,,,,,39.5,2016-08-02
1908386,2015-12-09,54,PREPARED FOODS,12.0,2,El Carmen,Manabi,C,3,733.0,,,,,,37.16,2015-12-09
2034528,2016-02-19,44,GROCERY I,8151.0,50,Quito,Pichincha,A,5,4192.0,,,,,,29.59,2016-02-19
1489782,2015-04-19,1,PRODUCE,2.0,0,Quito,Pichincha,D,13,524.0,,,,,,55.71,2015-04-19
2477578,2016-10-25,26,BOOKS,0.0,0,Guayaquil,Guayas,D,10,368.0,,,,,,49.45,2016-10-25
1001662,2014-07-18,14,GROCERY II,23.0,0,Riobamba,Chimborazo,C,7,1364.0,,,,,,103.83,2014-07-18
1406630,2015-03-03,27,BREAD/BAKERY,487.543,0,Daule,Guayas,D,1,1533.0,,,,,,50.43,2015-03-03
588317,2013-11-27,16,PET SUPPLIES,0.0,0,Santo Domingo,Santo Domingo de los Tsachilas,C,3,913.0,,,,,,92.05,2013-11-27
1786043,2015-10-02,22,HOME APPLIANCES,0.0,0,Puyo,Pastaza,C,7,0.0,,,,,,45.54,2015-10-02
1452998,2015-03-29,28,DAIRY,1057.0,2,Guayaquil,Guayas,E,10,1471.0,,,,,,48.83,2015-03-29
1565555,2015-05-31,36,BEAUTY,2.0,0,Libertad,Guayas,E,10,1516.0,,,,,,60.25,2015-05-31
82195,2013-02-16,15,PERSONAL CARE,151.0,0,Ibarra,Imbabura,C,15,1439.0,,,,,,95.95,2013-02-16
2805005,2017-04-28,13,BREAD/BAKERY,83.0,4,Latacunga,Cotopaxi,C,15,809.0,,,,,,49.31,2017-04-28
1301076,2015-01-03,15,HOME CARE,0.0,0,Ibarra,Imbabura,C,15,1420.0,,,,,,52.72,2015-01-03
2227445,2016-06-06,8,FROZEN FOODS,146.086,4,Quito,Pichincha,D,8,2548.0,,,,,,49.71,2016-06-06
2276687,2016-07-04,39,HOME APPLIANCES,0.0,0,Cuenca,Azuay,B,6,1368.0,,,,,,49.02,2016-07-04
1511645,2015-05-01,23,HARDWARE,0.0,0,Ambato,Tungurahua,D,9,996.0,Holiday,National,Ecuador,Dia del Trabajo,False,59.1,2015-05-01
998833,2014-07-16,34,"LIQUOR,WINE,BEER",60.0,0,Guayaquil,Guayas,B,6,2277.0,,,,,,101.88,2014-07-16
2960882,2017-07-24,36,MAGAZINES,0.0,0,Libertad,Guayas,E,10,1073.0,Additional,Local,Guayaquil,Fundacion de Guayaquil-1,False,46.21,2017-07-24
1568026,2015-06-01,54,SCHOOL AND OFFICE SUPPLIES,0.0,0,El Carmen,Manabi,C,3,1058.0,,,,,,60.24,2015-06-01
789522,2014-03-21,11,PRODUCE,884.542,0,Cayambe,Pichincha,B,6,2155.0,,,,,,99.97,2014-03-21
1779033,2015-09-28,26,BEVERAGES,717.0,12,Guayaquil,Guayas,D,10,449.0,Holiday,Local,Ibarra,Fundacion de Ibarra,False,44.4,2015-09-28
2902508,2017-06-21,48,PET SUPPLIES,9.0,0,Quito,Pichincha,A,14,2311.0,,,,,,42.48,2017-06-21
389517,2013-08-07,38,HOME CARE,0.0,0,Loja,Loja,D,4,1714.0,,,,,,104.41,2013-08-07
2100523,2016-03-27,46,CLEANING,2705.0,30,Quito,Pichincha,A,14,3780.0,,,,,,38.14,2016-03-27
2111202,2016-04-02,45,PLAYERS AND ELECTRONICS,44.0,0,Quito,Pichincha,A,11,4585.0,,,,,,35.36,2016-04-02
1646949,2015-07-16,2,HOME CARE,222.0,0,Quito,Pichincha,D,13,1745.0,,,,,,50.9,2015-07-16
2136476,2016-04-16,54,MAGAZINES,0.0,0,El Carmen,Manabi,C,3,801.0,Event,National,Ecuador,Terremoto Manabi,False,40.4,2016-04-16
885414,2014-05-13,51,MEATS,441.23502,0,Guayaquil,Guayas,A,17,1652.0,,,,,,102.01,2014-05-13
1420888,2015-03-11,27,CLEANING,748.0,1,Daule,Guayas,D,1,1538.0,,,,,,48.06,2015-03-11
19435,2013-01-11,53,SCHOOL AND OFFICE SUPPLIES,0.0,0,Manta,Manabi,D,13,0.0,,,,,,93.6,2013-01-11
2908368,2017-06-25,13,GROCERY I,2543.0,71,Latacunga,Cotopaxi,C,15,808.0,Holiday,Regional,Imbabura,Provincializacion de Imbabura,False,42.86,2017-06-25
1500350,2015-04-24,7,BREAD/BAKERY,644.515,3,Quito,Pichincha,D,8,1968.0,,,,,,55.98,2015-04-24
1113195,2014-09-18,43,CELEBRATION,3.0,0,Esmeraldas,Esmeraldas,E,10,1156.0,,,,,,93.07,2014-09-18
303977,2013-06-20,38,HARDWARE,2.0,0,Loja,Loja,D,4,1405.0,,,,,,94.89,2013-06-20
2130646,2016-04-13,41,BABY CARE,0.0,0,Machala,El Oro,D,4,982.0,,,,,,41.7,2016-04-13
2123629,2016-04-09,44,GROCERY II,109.0,0,Quito,Pichincha,A,5,5062.0,,,,,,39.74,2016-04-09
67915,2013-02-08,15,BABY CARE,0.0,0,Ibarra,Imbabura,C,15,1261.0,,,,,,95.71,2013-02-08
142607,2013-03-22,10,HARDWARE,0.0,0,Quito,Pichincha,C,15,782.0,,,,,,93.41,2013-03-22
282655,2013-06-08,4,EGGS,202.0,0,Quito,Pichincha,D,9,1701.0,,,,,,96.11,2013-06-08
2946740,2017-07-16,4,BREAD/BAKERY,504.998,0,Quito,Pichincha,D,9,1472.0,,,,,,46.53,2017-07-16
2260076,2016-06-25,23,BREAD/BAKERY,305.425,3,Ambato,Tungurahua,D,9,1034.0,Holiday,Local,Machala,Fundacion de Machala,False,46.7,2016-06-25
1828454,2015-10-26,12,MAGAZINES,2.0,0,Latacunga,Cotopaxi,C,15,1177.0,,,,,,43.19,2015-10-26
467918,2013-09-20,38,FROZEN FOODS,144.0,0,Loja,Loja,D,4,1548.0,,,,,,104.7,2013-09-20
1950999,2016-01-03,50,CELEBRATION,26.0,0,Ambato,Tungurahua,A,14,0.0,,,,,,37.13,2016-01-03
2428609,2016-09-27,51,CLEANING,1067.0,40,Guayaquil,Guayas,A,17,1303.0,,,,,,44.65,2016-09-27
1868454,2015-11-17,34,PLAYERS AND ELECTRONICS,1.0,0,Guayaquil,Guayas,B,6,2016.0,,,,,,40.73,2015-11-17
1488959,2015-04-18,36,SEAFOOD,0.0,0,Libertad,Guayas,E,10,1321.0,,,,,,55.71,2015-04-18
1063973,2014-08-22,12,LAWN AND GARDEN,0.0,0,Latacunga,Cotopaxi,C,15,1115.0,,,,,,93.61,2014-08-22
2600813,2017-01-03,33,HOME APPLIANCES,0.0,0,Quevedo,Los Rios,C,3,1111.0,,,,,,52.36,2017-01-03
2632943,2017-01-21,35,BREAD/BAKERY,90.0,1,Playas,Guayas,C,3,786.0,,,,,,52.33,2017-01-21
875023,2014-05-08,10,POULTRY,219.2814,0,Quito,Pichincha,C,15,1053.0,,,,,,100.52,2014-05-08
1269801,2014-12-15,37,PLAYERS AND ELECTRONICS,11.0,0,Cuenca,Azuay,D,2,1825.0,,,,,,55.96,2014-12-15
802605,2014-03-28,29,GROCERY I,0.0,0,Guayaquil,Guayas,E,10,0.0,,,,,,101.73,2014-03-28
1791322,2015-10-05,20,HOME AND KITCHEN II,14.0,0,Quito,Pichincha,B,6,1511.0,,,,,,46.28,2015-10-05
1221816,2014-11-18,40,MEATS,138.469,0,Machala,El Oro,C,3,1378.0,,,,,,74.55,2014-11-18
978655,2014-07-05,19,CLEANING,1480.0,0,Guaranda,Bolivar,C,15,1827.0,Event,National,Ecuador,Mundial de futbol Brasil: Cuartos de Final,False,104.76,2014-07-05
2714897,2017-03-08,34,LAWN AND GARDEN,48.0,0,Guayaquil,Guayas,B,6,2193.0,,,,,,49.83,2017-03-08
2820636,2017-05-06,50,PLAYERS AND ELECTRONICS,34.0,0,Ambato,Tungurahua,A,14,3350.0,,,,,,46.23,2017-05-06
193020,2013-04-19,25,BEVERAGES,1669.0,0,Salinas,Santa Elena,D,1,1044.0,,,,,,88.04,2013-04-19
1618733,2015-06-30,28,HOME APPLIANCES,0.0,0,Guayaquil,Guayas,E,10,1226.0,,,,,,59.48,2015-06-30
2540787,2016-11-29,49,HOME CARE,403.0,13,Quito,Pichincha,A,11,2562.0,,,,,,45.29,2016-11-29
934016,2014-06-10,16,HOME APPLIANCES,0.0,0,Santo Domingo,Santo Domingo de los Tsachilas,C,3,920.0,,,,,,105.02,2014-06-10
1375924,2015-02-14,15,"LIQUOR,WINE,BEER",71.0,0,Ibarra,Imbabura,C,15,1478.0,,,,,,52.66,2015-02-14
2666520,2017-02-09,27,LINGERIE,8.0,0,Daule,Guayas,D,1,1459.0,,,,,,52.99,2017-02-09
517760,2013-10-18,36,MAGAZINES,0.0,0,Libertad,Guayas,E,10,793.0,,,,,,100.87,2013-10-18
1772162,2015-09-24,32,PREPARED FOODS,10.0,0,Guayaquil,Guayas,C,3,548.0,,,,,,44.94,2015-09-24
500638,2013-10-08,6,POULTRY,223.31601,0,Quito,Pichincha,D,13,1514.0,,,,,,103.54,2013-10-08
2245151,2016-06-16,53,PREPARED FOODS,124.84,0,Manta,Manabi,D,13,1327.0,,,,,,46.14,2016-06-16
1395310,2015-02-25,1,BOOKS,0.0,0,Quito,Pichincha,D,13,1923.0,,,,,,50.25,2015-02-25
2717605,2017-03-10,10,"LIQUOR,WINE,BEER",4.0,0,Quito,Pichincha,C,15,753.0,,,,,,48.05,2017-03-10
649926,2014-01-01,44,MEATS,0.0,0,Quito,Pichincha,A,5,0.0,Holiday,National,Ecuador,Primer dia del ano,False,98.17,2014-01-01
934023,2014-06-10,16,MEATS,106.666,0,Santo Domingo,Santo Domingo de los Tsachilas,C,3,920.0,,,,,,105.02,2014-06-10
1551182,2015-05-23,32,HOME APPLIANCES,0.0,0,Guayaquil,Guayas,C,3,684.0,,,,,,58.88,2015-05-23
1718475,2015-08-25,27,AUTOMOTIVE,1.0,0,Daule,Guayas,D,1,1266.0,,,,,,39.15,2015-08-25
1282808,2014-12-22,51,SEAFOOD,81.594,1,Guayaquil,Guayas,A,17,3064.0,Holiday,Local,Salinas,Cantonizacion de Salinas,False,55.25,2014-12-22
16932,2013-01-10,34,BEVERAGES,707.0,0,Guayaquil,Guayas,B,6,2079.0,,,,,,93.81,2013-01-10
79162,2013-02-14,3,POULTRY,427.801,0,Quito,Pichincha,D,8,3206.0,,,,,,97.3,2013-02-14
1724707,2015-08-28,50,POULTRY,425.74402,36,Ambato,Tungurahua,A,14,2429.0,,,,,,45.29,2015-08-28
280628,2013-06-07,32,PREPARED FOODS,13.0,0,Guayaquil,Guayas,C,3,605.0,,,,,,96.11,2013-06-07
2926231,2017-07-05,14,"LIQUOR,WINE,BEER",12.0,0,Riobamba,Chimborazo,C,7,1360.0,,,,,,45.11,2017-07-05
2985630,2017-08-07,30,LINGERIE,2.0,0,Guayaquil,Guayas,C,3,724.0,,,,,,49.37,2017-08-07
837805,2014-04-17,17,BABY CARE,0.0,0,Quito,Pichincha,C,12,1184.0,,,,,,104.33,2014-04-17
2363746,2016-08-22,31,"LIQUOR,WINE,BEER",5.0,0,Babahoyo,Los Rios,B,10,1305.0,,,,,,46.8,2016-08-22
506048,2013-10-11,8,PET SUPPLIES,0.0,0,Quito,Pichincha,D,8,2837.0,Transfer,National,Ecuador,Traslado Independencia de Guayaquil,False,102.17,2013-10-11
679580,2014-01-18,27,FROZEN FOODS,242.394,0,Daule,Guayas,D,1,1615.0,,,,,,93.96,2014-01-18
736377,2014-02-19,20,HOME AND KITCHEN I,0.0,0,Quito,Pichincha,B,6,0.0,,,,,,103.46,2014-02-19
1212490,2014-11-13,3,BOOKS,0.0,0,Quito,Pichincha,D,8,2722.0,,,,,,74.13,2014-11-13
496176,2013-10-06,30,LINGERIE,11.0,0,Guayaquil,Guayas,C,3,621.0,,,,,,103.83,2013-10-06
1800713,2015-10-10,34,BEAUTY,7.0,0,Guayaquil,Guayas,B,6,2244.0,,,,,,49.67,2015-10-10
1487851,2015-04-17,6,GROCERY II,32.0,0,Quito,Pichincha,D,13,1663.0,,,,,,55.71,2015-04-17
2463142,2016-10-17,20,"LIQUOR,WINE,BEER",15.0,0,Quito,Pichincha,B,6,1161.0,,,,,,49.97,2016-10-17
2457038,2016-10-13,49,MAGAZINES,12.0,0,Quito,Pichincha,A,11,2565.0,,,,,,50.47,2016-10-13
2854130,2017-05-25,40,PET SUPPLIES,2.0,0,Machala,El Oro,C,3,1175.0,,,,,,48.57,2017-05-25
1180484,2014-10-26,31,DAIRY,888.0,4,Babahoyo,Los Rios,B,10,1581.0,,,,,,81.27,2014-10-26
2549066,2016-12-04,31,HARDWARE,0.0,0,Babahoyo,Los Rios,B,10,1582.0,,,,,,51.7,2016-12-04
2801462,2017-04-26,13,PET SUPPLIES,0.0,0,Latacunga,Cotopaxi,C,15,799.0,,,,,,49.22,2017-04-26
735277,2014-02-18,4,BOOKS,0.0,0,Quito,Pichincha,D,9,1337.0,,,,,,102.54,2014-02-18
1440252,2015-03-22,20,AUTOMOTIVE,9.0,0,Quito,Pichincha,B,6,2333.0,,,,,,46.0,2015-03-22
1262343,2014-12-11,28,PLAYERS AND ELECTRONICS,2.0,0,Guayaquil,Guayas,E,10,1055.0,,,,,,60.01,2014-12-11
890440,2014-05-16,43,BABY CARE,0.0,0,Esmeraldas,Esmeraldas,E,10,1454.0,,,,,,102.31,2014-05-16
2156,2013-01-02,2,FROZEN FOODS,111.1,0,Quito,Pichincha,D,13,2358.0,,,,,,93.14,2013-01-02
1556772,2015-05-26,39,PRODUCE,0.0,0,Cuenca,Azuay,B,6,1273.0,,,,,,57.29,2015-05-26
2827794,2017-05-10,51,MEATS,550.333,1,Guayaquil,Guayas,A,17,1629.0,,,,,,47.28,2017-05-10
1242762,2014-11-30,29,HOME AND KITCHEN I,0.0,0,Guayaquil,Guayas,E,10,0.0,,,,,,65.94,2014-11-30
1140642,2014-10-04,13,PRODUCE,253.232,0,Latacunga,Cotopaxi,C,15,1358.0,,,,,,89.76,2014-10-04
7088,2013-01-04,8,PET SUPPLIES,0.0,0,Quito,Pichincha,D,8,2962.0,,,,,,93.12,2013-01-04
123294,2013-03-11,19,CELEBRATION,0.0,0,Guaranda,Bolivar,C,15,1230.0,,,,,,92.07,2013-03-11
207481,2013-04-27,30,EGGS,55.0,0,Guayaquil,Guayas,C,3,713.0,,,,,,92.63,2013-04-27
1775271,2015-09-26,20,BEVERAGES,4005.0,21,Quito,Pichincha,B,6,1655.0,,,,,,45.55,2015-09-26
1478462,2015-04-12,41,PREPARED FOODS,96.109,0,Machala,El Oro,D,4,1345.0,Holiday,Local,Cuenca,Fundacion de Cuenca,False,51.63,2015-04-12
1017486,2014-07-26,8,PRODUCE,4983.394,0,Quito,Pichincha,D,8,2737.0,,,,,,105.23,2014-07-26
1221110,2014-11-18,21,FROZEN FOODS,0.0,0,Santo Domingo,Santo Domingo de los Tsachilas,B,6,0.0,,,,,,74.55,2014-11-18
913370,2014-05-29,36,PREPARED FOODS,27.062,0,Libertad,Guayas,E,10,1070.0,,,,,,104.26,2014-05-29
2224104,2016-06-05,14,BEVERAGES,1274.0,3,Riobamba,Chimborazo,C,7,1058.0,,,,,,48.69,2016-06-05
1975520,2016-01-17,39,DAIRY,822.0,0,Cuenca,Azuay,B,6,1574.0,,,,,,29.45,2016-01-17
666172,2014-01-10,50,BABY CARE,0.0,0,Ambato,Tungurahua,A,14,2380.0,,,,,,92.39,2014-01-10
2190391,2016-05-17,18,HOME AND KITCHEN II,5.0,0,Quito,Pichincha,B,16,1329.0,,,,,,48.29,2016-05-17
2792441,2017-04-21,10,HARDWARE,0.0,0,Quito,Pichincha,C,15,778.0,Holiday,Local,Riobamba,Cantonizacion de Riobamba,False,49.64,2017-04-21
315183,2013-06-26,52,AUTOMOTIVE,0.0,0,Manta,Manabi,A,11,0.0,,,,,,95.47,2013-06-26
1402239,2015-02-28,53,BEVERAGES,894.0,1,Manta,Manabi,D,13,955.0,,,,,,49.84,2015-02-28
2763068,2017-04-04,36,FROZEN FOODS,95.637,2,Libertad,Guayas,E,10,1351.0,,,,,,50.99,2017-04-04
1276734,2014-12-19,31,PRODUCE,964.095,2,Babahoyo,Los Rios,B,10,1735.0,,,,,,56.91,2014-12-19
1809430,2015-10-15,29,CLEANING,715.0,0,Guayaquil,Guayas,E,10,932.0,,,,,,46.38,2015-10-15
1679780,2015-08-03,40,HARDWARE,2.0,0,Machala,El Oro,C,3,1700.0,,,,,,45.25,2015-08-03
2248886,2016-06-19,1,BEAUTY,1.0,0,Quito,Pichincha,D,13,570.0,,,,,,48.0,2016-06-19
1148681,2014-10-08,39,HOME APPLIANCES,0.0,0,Cuenca,Azuay,B,6,1170.0,,,,,,87.29,2014-10-08
1828852,2015-10-26,23,PERSONAL CARE,176.0,0,Ambato,Tungurahua,D,9,1052.0,,,,,,43.19,2015-10-26
957812,2014-06-23,33,LAWN AND GARDEN,0.0,0,Quevedo,Los Rios,C,3,1129.0,Holiday,Local,Guaranda,Cantonizacion de Guaranda,False,106.83,2014-06-23
1528795,2015-05-10,54,BOOKS,0.0,0,El Carmen,Manabi,C,3,1269.0,Event,National,Ecuador,Dia de la Madre,False,59.41,2015-05-10
2922389,2017-07-02,7,DAIRY,1430.0,28,Quito,Pichincha,D,8,1637.0,,,,,,46.02,2017-07-02
1301394,2015-01-03,24,CELEBRATION,0.0,0,Guayaquil,Guayas,D,1,2087.0,,,,,,52.72,2015-01-03
2987916,2017-08-08,44,PRODUCE,6944.087,9,Quito,Pichincha,A,5,3690.0,,,,,,49.07,2017-08-08
1111613,2014-09-17,49,DAIRY,1899.0,6,Quito,Pichincha,A,11,2440.0,,,,,,94.33,2014-09-17
94421,2013-02-22,9,DAIRY,194.0,0,Quito,Pichincha,B,6,1740.0,,,,,,93.12,2013-02-22
124440,2013-03-11,5,PRODUCE,0.0,0,Santo Domingo,Santo Domingo de los Tsachilas,D,4,1515.0,,,,,,92.07,2013-03-11
2338842,2016-08-08,33,AUTOMOTIVE,7.0,0,Quevedo,Los Rios,C,3,870.0,,,,,,43.06,2016-08-08
2740243,2017-03-22,45,"LIQUOR,WINE,BEER",152.0,5,Quito,Pichincha,A,11,3413.0,,,,,,47.29,2017-03-22
304079,2013-06-20,40,HOME APPLIANCES,1.0,0,Machala,El Oro,C,3,1003.0,,,,,,94.89,2013-06-20
2028145,2016-02-16,15,SCHOOL AND OFFICE SUPPLIES,0.0,0,Ibarra,Imbabura,C,15,1429.0,,,,,,29.05,2016-02-16
1072240,2014-08-26,44,BOOKS,0.0,0,Quito,Pichincha,A,5,4197.0,,,,,,95.78,2014-08-26
2907400,2017-06-24,36,BABY CARE,0.0,0,Libertad,Guayas,E,10,1079.0,,,,,,42.86,2017-06-24
437752,2013-09-03,41,CLEANING,585.0,0,Machala,El Oro,D,4,832.0,,,,,,108.67,2013-09-03
2138722,2016-04-18,18,PERSONAL CARE,937.0,4,Quito,Pichincha,B,16,1922.0,Event,National,Ecuador,Terremoto Manabi+2,False,39.74,2016-04-18
2329078,2016-08-03,1,BOOKS,0.0,0,Quito,Pichincha,D,13,1843.0,,,,,,40.8,2016-08-03
2615062,2017-01-11,33,EGGS,126.0,0,Quevedo,Los Rios,C,3,854.0,,,,,,52.19,2017-01-11
1167323,2014-10-19,12,HARDWARE,3.0,0,Latacunga,Cotopaxi,C,15,1349.0,,,,,,82.8,2014-10-19
1905657,2015-12-08,29,CELEBRATION,14.0,0,Guayaquil,Guayas,E,10,1060.0,Holiday,Local,Loja,Fundacion de Loja,False,37.46,2015-12-08
318693,2013-06-28,50,GROCERY I,4141.0,0,Ambato,Tungurahua,A,14,2469.0,,,,,,96.36,2013-06-28
2688626,2017-02-21,47,HOME APPLIANCES,0.0,0,Quito,Pichincha,A,14,3247.0,,,,,,54.02,2017-02-21
1080967,2014-08-31,39,LADIESWEAR,0.0,0,Cuenca,Azuay,B,6,1589.0,,,,,,97.86,2014-08-31
73218,2013-02-11,13,MEATS,144.622,0,Latacunga,Cotopaxi,C,15,854.0,Holiday,National,Ecuador,Carnaval,False,97.01,2013-02-11
1548340,2015-05-21,52,GROCERY II,0.0,0,Manta,Manabi,A,11,0.0,,,,,,60.18,2015-05-21
951828,2014-06-20,16,DELI,108.0,1,Santo Domingo,Santo Domingo de los Tsachilas,C,3,887.0,Event,National,Ecuador,Mundial de futbol Brasil: Ecuador-Honduras,False,107.95,2014-06-20
1484075,2015-04-15,49,SEAFOOD,96.395,0,Quito,Pichincha,A,11,2658.0,,,,,,56.25,2015-04-15
264167,2013-05-29,21,BEAUTY,0.0,0,Santo Domingo,Santo Domingo de los Tsachilas,B,6,0.0,,,,,,93.13,2013-05-29
951656,2014-06-20,11,BEAUTY,4.0,0,Cayambe,Pichincha,B,6,2222.0,Event,National,Ecuador,Mundial de futbol Brasil: Ecuador-Honduras,False,107.95,2014-06-20
429053,2013-08-29,47,LAWN AND GARDEN,12.0,0,Quito,Pichincha,A,14,3219.0,,,,,,108.51,2013-08-29
322582,2013-07-01,10,CLEANING,1025.0,0,Quito,Pichincha,C,15,1205.0,,,,,,97.94,2013-07-01
2611354,2017-01-09,29,SCHOOL AND OFFICE SUPPLIES,2.0,0,Guayaquil,Guayas,E,10,1009.0,,,,,,51.95,2017-01-09
866153,2014-05-03,12,BEAUTY,2.0,0,Latacunga,Cotopaxi,C,15,1291.0,,,,,,100.09,2014-05-03
2485895,2016-10-30,1,BREAD/BAKERY,140.099,5,Quito,Pichincha,D,13,549.0,,,,,,48.72,2016-10-30
1403650,2015-03-01,42,POULTRY,0.0,0,Cuenca,Azuay,D,2,0.0,,,,,,49.84,2015-03-01
902574,2014-05-23,33,MEATS,119.183,0,Quevedo,Los Rios,C,3,856.0,,,,,,105.01,2014-05-23
1008290,2014-07-21,5,DAIRY,611.0,0,Santo Domingo,Santo Domingo de los Tsachilas,D,4,1472.0,,,,,,105.34,2014-07-21
48417,2013-01-28,18,CELEBRATION,0.0,0,Quito,Pichincha,B,16,1298.0,,,,,,95.95,2013-01-28
932413,2014-06-09,20,SCHOOL AND OFFICE SUPPLIES,0.0,0,Quito,Pichincha,B,6,0.0,,,,,,105.09,2014-06-09
708526,2014-02-03,39,HOME AND KITCHEN II,0.0,0,Cuenca,Azuay,B,6,1521.0,,,,,,96.44,2014-02-03
343301,2013-07-12,41,BEAUTY,1.0,0,Machala,El Oro,D,4,784.0,,,,,,105.85,2013-07-12
1699716,2015-08-14,5,HOME CARE,173.0,0,Santo Domingo,Santo Domingo de los Tsachilas,D,4,1452.0,,,,,,42.45,2015-08-14
177481,2013-04-10,39,CLEANING,727.0,0,Cuenca,Azuay,B,6,1225.0,,,,,,94.59,2013-04-10
2959787,2017-07-23,6,HOME APPLIANCES,0.0,0,Quito,Pichincha,D,13,1976.0,Holiday,Local,Cayambe,Cantonizacion de Cayambe,False,45.78,2017-07-23
1063938,2014-08-22,11,HOME CARE,0.0,0,Cayambe,Pichincha,B,6,2346.0,,,,,,93.61,2014-08-22
1671083,2015-07-29,46,PREPARED FOODS,172.9,1,Quito,Pichincha,A,14,2924.0,,,,,,48.77,2015-07-29
2880480,2017-06-09,30,DELI,136.0,31,Guayaquil,Guayas,C,3,674.0,,,,,,45.82,2017-06-09
586901,2013-11-26,26,PREPARED FOODS,2.0,0,Guayaquil,Guayas,D,10,509.0,,,,,,93.41,2013-11-26
1931922,2015-12-23,16,BEVERAGES,1577.0,0,Santo Domingo,Santo Domingo de los Tsachilas,C,3,1223.0,Additional,National,Ecuador,Navidad-2,False,36.76,2015-12-23
2470430,2016-10-21,25,HOME APPLIANCES,0.0,0,Salinas,Santa Elena,D,1,0.0,,,,,,50.61,2016-10-21
2618676,2017-01-13,34,PLAYERS AND ELECTRONICS,4.0,0,Guayaquil,Guayas,B,6,2211.0,,,,,,52.36,2017-01-13
466884,2013-09-20,1,AUTOMOTIVE,5.0,0,Quito,Pichincha,D,13,1701.0,,,,,,104.7,2013-09-20
1511717,2015-05-01,25,LAWN AND GARDEN,39.0,0,Salinas,Santa Elena,D,1,2156.0,Holiday,National,Ecuador,Dia del Trabajo,False,59.1,2015-05-01
304423,2013-06-20,5,SCHOOL AND OFFICE SUPPLIES,0.0,0,Santo Domingo,Santo Domingo de los Tsachilas,D,4,1261.0,,,,,,94.89,2013-06-20
2632274,2017-01-21,16,PREPARED FOODS,33.0,0,Santo Domingo,Santo Domingo de los Tsachilas,C,3,834.0,,,,,,52.33,2017-01-21
2988490,2017-08-09,11,EGGS,177.0,2,Cayambe,Pichincha,B,6,2306.0,,,,,,49.59,2017-08-09
820888,2014-04-07,41,GROCERY II,31.0,0,Machala,El Oro,D,4,958.0,,,,,,100.43,2014-04-07
114946,2013-03-06,34,CLEANING,885.0,0,Guayaquil,Guayas,B,6,2417.0,,,,,,90.47,2013-03-06
1604617,2015-06-22,31,PERSONAL CARE,317.0,1,Babahoyo,Los Rios,B,10,1357.0,,,,,,60.01,2015-06-22
784044,2014-03-17,8,PRODUCE,4376.347,0,Quito,Pichincha,D,8,2848.0,,,,,,98.43,2014-03-17
2251214,2016-06-20,24,LAWN AND GARDEN,1.0,0,Guayaquil,Guayas,D,1,2169.0,,,,,,49.4,2016-06-20
155675,2013-03-29,27,HARDWARE,3.0,0,Daule,Guayas,D,1,1479.0,,,,,,97.24,2013-03-29
17393,2013-01-10,47,BEAUTY,5.0,0,Quito,Pichincha,A,14,2982.0,,,,,,93.81,2013-01-10
301261,2013-06-19,12,BOOKS,0.0,0,Latacunga,Cotopaxi,C,15,1156.0,,,,,,98.24,2013-06-19
1288825,2014-12-27,21,EGGS,0.0,0,Santo Domingo,Santo Domingo de los Tsachilas,B,6,0.0,,,,,,54.59,2014-12-27
162677,2013-04-02,23,LAWN AND GARDEN,0.0,0,Ambato,Tungurahua,D,9,1170.0,,,,,,97.23,2013-04-02
569539,2013-11-16,39,PERSONAL CARE,357.0,0,Cuenca,Azuay,B,6,1764.0,,,,,,93.8,2013-11-16
366464,2013-07-25,40,SEAFOOD,0.0,0,Machala,El Oro,C,3,1046.0,Holiday,Local,Guayaquil,Fundacion de Guayaquil,False,105.47,2013-07-25
742956,2014-02-22,54,PLAYERS AND ELECTRONICS,0.0,0,El Carmen,Manabi,C,3,946.0,,,,,,102.53,2014-02-22
1659133,2015-07-23,11,PERSONAL CARE,233.0,0,Cayambe,Pichincha,B,6,1981.0,Holiday,Local,Cayambe,Cantonizacion de Cayambe,False,48.11,2015-07-23
105782,2013-03-01,27,HOME APPLIANCES,0.0,0,Daule,Guayas,D,1,1147.0,,,,,,90.71,2013-03-01
1943580,2015-12-30,42,GROCERY I,3281.0,8,Cuenca,Azuay,D,2,1309.0,,,,,,36.59,2015-12-30
1832144,2015-10-28,16,HOME APPLIANCES,0.0,0,Santo Domingo,Santo Domingo de los Tsachilas,C,3,727.0,,,,,,45.93,2015-10-28
2416539,2016-09-21,13,HOME AND KITCHEN I,9.0,0,Latacunga,Cotopaxi,C,15,769.0,,,,,,45.33,2016-09-21
1259349,2014-12-09,44,BEVERAGES,7770.0,4,Quito,Pichincha,A,5,4530.0,,,,,,63.74,2014-12-09
1893527,2015-12-01,38,LAWN AND GARDEN,0.0,0,Loja,Loja,D,4,1443.0,,,,,,40.58,2015-12-01
2153344,2016-04-26,28,POULTRY,281.214,1,Guayaquil,Guayas,E,10,1197.0,Event,National,Ecuador,Terremoto Manabi+10,False,42.52,2016-04-26
1912536,2015-12-12,21,LINGERIE,3.0,0,Santo Domingo,Santo Domingo de los Tsachilas,B,6,1332.0,,,,,,35.65,2015-12-12
1806228,2015-10-13,39,CELEBRATION,5.0,0,Cuenca,Azuay,B,6,1270.0,,,,,,46.7,2015-10-13
895771,2014-05-19,42,LADIESWEAR,0.0,0,Cuenca,Azuay,D,2,0.0,,,,,,102.95,2014-05-19
2545969,2016-12-02,44,LADIESWEAR,23.0,0,Quito,Pichincha,A,5,4469.0,,,,,,51.7,2016-12-02
923435,2014-06-04,19,PREPARED FOODS,30.0,0,Guaranda,Bolivar,C,15,1183.0,,,,,,103.27,2014-06-04
615626,2013-12-12,32,FROZEN FOODS,32.975,0,Guayaquil,Guayas,C,3,555.0,,,,,,97.21,2013-12-12
1138576,2014-10-02,6,EGGS,169.0,1,Quito,Pichincha,D,13,1725.0,,,,,,91.02,2014-10-02
1689455,2015-08-09,12,LAWN AND GARDEN,0.0,0,Latacunga,Cotopaxi,C,15,1073.0,,,,,,43.87,2015-08-09
2939749,2017-07-12,43,EGGS,116.0,2,Esmeraldas,Esmeraldas,E,10,1352.0,,,,,,45.48,2017-07-12
1740626,2015-09-06,48,DAIRY,2887.0,5,Quito,Pichincha,A,14,4754.0,,,,,,46.02,2015-09-06
2208379,2016-05-27,22,LADIESWEAR,0.0,0,Puyo,Pastaza,C,7,701.0,Transfer,National,Ecuador,Traslado Batalla de Pichincha,False,49.36,2016-05-27
904735,2014-05-24,44,CLEANING,2655.0,0,Quito,Pichincha,A,5,5119.0,Holiday,National,Ecuador,Batalla de Pichincha,False,105.01,2014-05-24
974404,2014-07-02,49,GROCERY II,65.0,0,Quito,Pichincha,A,11,2671.0,,,,,,105.18,2014-07-02
2232602,2016-06-09,51,LAWN AND GARDEN,13.0,0,Guayaquil,Guayas,A,17,1380.0,,,,,,50.52,2016-06-09
1727375,2015-08-30,26,MAGAZINES,0.0,0,Guayaquil,Guayas,D,10,556.0,,,,,,45.29,2015-08-30
491897,2013-10-04,10,SEAFOOD,1.0,0,Quito,Pichincha,C,15,956.0,,,,,,103.83,2013-10-04
187614,2013-04-16,23,DELI,132.64,0,Ambato,Tungurahua,D,9,1126.0,,,,,,88.73,2013-04-16
2282853,2016-07-08,12,GROCERY I,2818.0,15,Latacunga,Cotopaxi,C,15,1070.0,,,,,,45.37,2016-07-08
2786206,2017-04-17,35,HOME AND KITCHEN II,6.0,0,Playas,Guayas,C,3,715.0,,,,,,52.62,2017-04-17
2483129,2016-10-28,31,FROZEN FOODS,104.739,4,Babahoyo,Los Rios,B,10,1202.0,,,,,,48.72,2016-10-28
1572051,2015-06-04,18,PRODUCE,1312.609,0,Quito,Pichincha,B,16,1399.0,,,,,,58.0,2015-06-04
2597017,2017-01-01,27,HOME AND KITCHEN II,0.0,0,Daule,Guayas,D,1,0.0,Holiday,National,Ecuador,Primer dia del ano,True,53.75,2017-01-01
549911,2013-11-05,38,SEAFOOD,15.176,0,Loja,Loja,D,4,1594.0,,,,,,93.4,2013-11-05
2048990,2016-02-27,5,LAWN AND GARDEN,2.0,0,Santo Domingo,Santo Domingo de los Tsachilas,D,4,1250.0,,,,,,31.65,2016-02-27
2629691,2017-01-19,43,LAWN AND GARDEN,10.0,0,Esmeraldas,Esmeraldas,E,10,1216.0,,,,,,51.39,2017-01-19
2389038,2016-09-05,41,BEVERAGES,1786.0,10,Machala,El Oro,D,4,1040.0,,,,,,44.39,2016-09-05
2636187,2017-01-23,26,HOME AND KITCHEN I,21.0,0,Guayaquil,Guayas,D,10,576.0,,,,,,52.77,2017-01-23
1161317,2014-10-15,43,HARDWARE,2.0,0,Esmeraldas,Esmeraldas,E,10,1230.0,,,,,,81.82,2014-10-15
2922334,2017-07-02,54,LADIESWEAR,0.0,0,El Carmen,Manabi,C,3,1006.0,,,,,,46.02,2017-07-02
2733544,2017-03-18,8,"LIQUOR,WINE,BEER",258.0,6,Quito,Pichincha,D,8,2836.0,,,,,,48.34,2017-03-18
2609367,2017-01-08,23,MEATS,1135.828,0,Ambato,Tungurahua,D,9,955.0,,,,,,53.98,2017-01-08
867505,2014-05-03,5,BABY CARE,0.0,0,Santo Domingo,Santo Domingo de los Tsachilas,D,4,1709.0,,,,,,100.09,2014-05-03
1703038,2015-08-16,43,CLEANING,1541.0,0,Esmeraldas,Esmeraldas,E,10,1585.0,,,,,,42.45,2015-08-16
2763137,2017-04-04,38,HARDWARE,2.0,0,Loja,Loja,D,4,1299.0,,,,,,50.99,2017-04-04
497744,2013-10-07,25,BREAD/BAKERY,187.974,0,Salinas,Santa Elena,D,1,763.0,Holiday,Local,Quevedo,Cantonizacion de Quevedo,False,103.07,2013-10-07
2257513,2016-06-23,50,HOME AND KITCHEN II,42.0,3,Ambato,Tungurahua,A,14,1953.0,Holiday,Local,Guaranda,Cantonizacion de Guaranda,False,49.34,2016-06-23
1751384,2015-09-12,5,DAIRY,529.0,3,Santo Domingo,Santo Domingo de los Tsachilas,D,4,1401.0,,,,,,44.75,2015-09-12
962986,2014-06-26,29,GROCERY II,0.0,0,Guayaquil,Guayas,E,10,0.0,,,,,,106.49,2014-06-26
1655660,2015-07-21,14,HOME APPLIANCES,0.0,0,Riobamba,Chimborazo,C,7,1350.0,,,,,,50.59,2015-07-21
484299,2013-09-29,47,MEATS,1216.809,0,Quito,Pichincha,A,14,4900.0,,,,,,102.86,2013-09-29
1654794,2015-07-20,4,DELI,205.785,0,Quito,Pichincha,D,9,1399.0,,,,,,50.11,2015-07-20
2708230,2017-03-04,47,LADIESWEAR,53.0,0,Quito,Pichincha,A,14,4817.0,,,,,,53.33,2017-03-04
2293204,2016-07-13,52,BABY CARE,0.0,0,Manta,Manabi,A,11,0.0,,,,,,44.87,2016-07-13
2246916,2016-06-17,53,GROCERY I,4294.0,80,Manta,Manabi,D,13,1523.0,,,,,,48.0,2016-06-17
1488179,2015-04-18,15,FROZEN FOODS,86.0,0,Ibarra,Imbabura,C,15,1442.0,,,,,,55.71,2015-04-18
2088156,2016-03-20,49,HOME AND KITCHEN I,60.0,0,Quito,Pichincha,A,11,3057.0,,,,,,39.47,2016-03-20
2289809,2016-07-11,8,BREAD/BAKERY,918.302,11,Quito,Pichincha,D,8,2616.0,,,,,,44.73,2016-07-11
2786098,2017-04-17,32,CLEANING,382.0,21,Guayaquil,Guayas,C,3,558.0,,,,,,52.62,2017-04-17
2299250,2016-07-17,22,DAIRY,334.0,5,Puyo,Pastaza,C,7,677.0,,,,,,45.93,2016-07-17
2599978,2017-01-03,10,CLEANING,1169.0,13,Quito,Pichincha,C,15,1106.0,,,,,,52.36,2017-01-03
977189,2014-07-04,27,PET SUPPLIES,2.0,0,Daule,Guayas,D,1,1264.0,Event,National,Ecuador,Mundial de futbol Brasil: Cuartos de Final,False,104.76,2014-07-04
1595932,2015-06-17,38,LADIESWEAR,14.0,0,Loja,Loja,D,4,1609.0,,,,,,59.89,2015-06-17
1959355,2016-01-08,35,GROCERY II,0.0,0,Playas,Guayas,C,3,662.0,,,,,,33.2,2016-01-08
2823945,2017-05-08,44,BEVERAGES,8862.0,21,Quito,Pichincha,A,5,3888.0,,,,,,46.46,2017-05-08
986192,2014-07-09,3,LAWN AND GARDEN,22.0,1,Quito,Pichincha,D,8,2893.0,Event,National,Ecuador,Mundial de futbol Brasil: Semifinales,False,102.93,2014-07-09
152213,2013-03-27,3,HOME APPLIANCES,2.0,0,Quito,Pichincha,D,8,3135.0,,,,,,96.53,2013-03-27
2454626,2016-10-12,31,LAWN AND GARDEN,0.0,0,Babahoyo,Los Rios,B,10,1179.0,,,,,,50.14,2016-10-12
1818283,2015-10-20,27,HOME AND KITCHEN II,22.0,0,Daule,Guayas,D,1,1327.0,,,,,,45.84,2015-10-20
1519605,2015-05-05,46,LINGERIE,3.0,0,Quito,Pichincha,A,14,3174.0,,,,,,60.38,2015-05-05
2229095,2016-06-07,53,FROZEN FOODS,127.899,4,Manta,Manabi,D,13,1340.0,,,,,,50.37,2016-06-07
548600,2013-11-04,51,DAIRY,841.0,0,Guayaquil,Guayas,A,17,1597.0,,,,,,94.58,2013-11-04
2370238,2016-08-26,14,GROCERY II,15.0,0,Riobamba,Chimborazo,C,7,1073.0,,,,,,47.64,2016-08-26
2620738,2017-01-14,42,EGGS,179.0,2,Cuenca,Azuay,D,2,1512.0,,,,,,52.36,2017-01-14
2533063,2016-11-25,32,HOME AND KITCHEN II,7.0,1,Guayaquil,Guayas,C,3,527.0,Event,National,Ecuador,Black Friday,False,46.72,2016-11-25
827455,2014-04-11,26,GROCERY II,0.0,0,Guayaquil,Guayas,D,10,623.0,,,,,,103.68,2014-04-11
2089782,2016-03-21,44,MEATS,692.76,0,Quito,Pichincha,A,5,3709.0,,,,,,39.91,2016-03-21
2369383,2016-08-25,4,HOME AND KITCHEN II,14.0,1,Quito,Pichincha,D,9,1258.0,,,,,,46.97,2016-08-25
2419507,2016-09-22,46,GROCERY II,10.0,0,Quito,Pichincha,A,14,2518.0,,,,,,46.1,2016-09-22
2198421,2016-05-21,42,PLAYERS AND ELECTRONICS,3.0,0,Cuenca,Azuay,D,2,1248.0,,,,,,47.67,2016-05-21
1102358,2014-09-12,39,PET SUPPLIES,3.0,0,Cuenca,Azuay,B,6,1151.0,,,,,,92.18,2014-09-12
1433879,2015-03-18,40,PREPARED FOODS,47.0,0,Machala,El Oro,C,3,1285.0,,,,,,44.63,2015-03-18
753436,2014-02-28,49,GROCERY II,104.0,0,Quito,Pichincha,A,11,2578.0,,,,,,102.88,2014-02-28
2335973,2016-08-06,52,BEAUTY,0.0,0,Manta,Manabi,A,11,0.0,,,,,,41.83,2016-08-06
1901441,2015-12-06,10,HARDWARE,0.0,0,Quito,Pichincha,C,15,974.0,Holiday,Local,Quito,Fundacion de Quito,False,40.0,2015-12-06
2388132,2016-09-05,16,LINGERIE,5.0,0,Santo Domingo,Santo Domingo de los Tsachilas,C,3,735.0,,,,,,44.39,2016-09-05
1934671,2015-12-24,42,GROCERY II,43.0,0,Cuenca,Azuay,D,2,2139.0,Additional,National,Ecuador,Navidad-1,False,37.62,2015-12-24
624951,2013-12-17,43,PRODUCE,0.0,0,Esmeraldas,Esmeraldas,E,10,1294.0,,,,,,96.99,2013-12-17
1249728,2014-12-04,24,HOME CARE,216.0,0,Guayaquil,Guayas,D,1,2363.0,,,,,,66.73,2014-12-04
1702151,2015-08-16,19,FROZEN FOODS,53.0,0,Guaranda,Bolivar,C,15,1163.0,,,,,,42.45,2015-08-16
2194402,2016-05-19,30,BABY CARE,0.0,0,Guayaquil,Guayas,C,3,655.0,,,,,,48.16,2016-05-19
1733370,2015-09-02,44,GROCERY I,11108.0,9,Quito,Pichincha,A,5,4573.0,,,,,,46.3,2015-09-02
2099991,2016-03-27,31,BEVERAGES,2186.0,0,Babahoyo,Los Rios,B,10,1293.0,,,,,,38.14,2016-03-27
1294913,2014-12-30,41,PET SUPPLIES,6.0,0,Machala,El Oro,D,4,1723.0,,,,,,54.14,2014-12-30
2105609,2016-03-30,39,FROZEN FOODS,52.147,0,Cuenca,Azuay,B,6,1174.0,,,,,,36.91,2016-03-30
2184662,2016-05-13,7,PREPARED FOODS,219.528,1,Quito,Pichincha,D,8,2035.0,Event,National,Ecuador,Terremoto Manabi+27,False,46.22,2016-05-13
2804123,2017-04-27,38,HARDWARE,0.0,0,Loja,Loja,D,4,1215.0,,,,,,48.96,2017-04-27
267929,2013-05-31,27,BEAUTY,1.0,0,Daule,Guayas,D,1,1056.0,,,,,,91.93,2013-05-31
1519076,2015-05-05,31,LAWN AND GARDEN,0.0,0,Babahoyo,Los Rios,B,10,1515.0,,,,,,60.38,2015-05-05
2659816,2017-02-05,39,HOME AND KITCHEN II,38.0,1,Cuenca,Azuay,B,6,1529.0,,,,,,53.81,2017-02-05
2032379,2016-02-18,34,DAIRY,442.0,0,Guayaquil,Guayas,B,6,2032.0,,,,,,30.77,2016-02-18
2664407,2017-02-08,18,LAWN AND GARDEN,3.0,0,Quito,Pichincha,B,16,1298.0,,,,,,52.37,2017-02-08
1187330,2014-10-30,23,MAGAZINES,2.0,0,Ambato,Tungurahua,D,9,953.0,,,,,,81.06,2014-10-30
1215332,2014-11-15,1,DAIRY,743.0,0,Quito,Pichincha,D,13,1329.0,,,,,,75.91,2014-11-15
542764,2013-11-01,38,GROCERY II,34.0,0,Loja,Loja,D,4,1742.0,,,,,,94.56,2013-11-01
1650583,2015-07-18,21,"LIQUOR,WINE,BEER",0.0,0,Santo Domingo,Santo Domingo de los Tsachilas,B,6,0.0,,,,,,50.88,2015-07-18
1986485,2016-01-23,46,HOME APPLIANCES,2.0,0,Quito,Pichincha,A,14,4257.0,,,,,,32.07,2016-01-23
2656418,2017-02-03,43,HOME APPLIANCES,0.0,0,Esmeraldas,Esmeraldas,E,10,1354.0,,,,,,53.81,2017-02-03
2818024,2017-05-05,28,"LIQUOR,WINE,BEER",76.0,4,Guayaquil,Guayas,E,10,936.0,,,,,,46.23,2017-05-05
1258718,2014-12-09,26,SEAFOOD,5.0,0,Guayaquil,Guayas,D,10,640.0,,,,,,63.74,2014-12-09
1804081,2015-10-12,29,BOOKS,0.0,0,Guayaquil,Guayas,E,10,894.0,,,,,,47.09,2015-10-12
1316772,2015-01-11,6,CELEBRATION,0.0,0,Quito,Pichincha,D,13,2394.0,,,,,,48.35,2015-01-11
1226349,2014-11-21,19,BEVERAGES,2048.0,0,Guaranda,Bolivar,C,15,1147.0,,,,,,76.52,2014-11-21
25551,2013-01-15,26,DELI,122.901,0,Guayaquil,Guayas,D,10,787.0,,,,,,93.26,2013-01-15
723015,2014-02-11,45,HOME CARE,0.0,0,Quito,Pichincha,A,11,3035.0,,,,,,99.96,2014-02-11
2457664,2016-10-14,17,"LIQUOR,WINE,BEER",59.0,1,Quito,Pichincha,C,12,1252.0,,,,,,50.35,2016-10-14
850376,2014-04-24,19,SEAFOOD,0.0,0,Guaranda,Bolivar,C,15,1021.0,,,,,,102.2,2014-04-24
704127,2014-02-01,16,CELEBRATION,0.0,0,Santo Domingo,Santo Domingo de los Tsachilas,C,3,1189.0,,,,,,97.55,2014-02-01
2248138,2016-06-18,38,GROCERY II,44.0,0,Loja,Loja,D,4,2099.0,,,,,,48.0,2016-06-18
475971,2013-09-25,14,GROCERY I,2186.0,0,Riobamba,Chimborazo,C,7,1425.0,,,,,,102.68,2013-09-25
1748953,2015-09-11,31,LADIESWEAR,2.0,0,Babahoyo,Los Rios,B,10,1224.0,,,,,,44.75,2015-09-11
687553,2014-01-22,5,SCHOOL AND OFFICE SUPPLIES,0.0,0,Santo Domingo,Santo Domingo de los Tsachilas,D,4,1303.0,,,,,,96.35,2014-01-22
1279455,2014-12-20,9,GROCERY I,7348.714,28,Quito,Pichincha,B,6,3012.0,Work Day,National,Ecuador,Recupero Puente Navidad,False,56.91,2014-12-20
2141766,2016-04-19,53,AUTOMOTIVE,1.0,0,Manta,Manabi,D,13,798.0,Event,National,Ecuador,Terremoto Manabi+3,False,40.88,2016-04-19
1546217,2015-05-20,43,BEAUTY,0.0,0,Esmeraldas,Esmeraldas,E,10,1218.0,,,,,,58.96,2015-05-20
2483697,2016-10-28,47,HOME CARE,497.0,9,Quito,Pichincha,A,14,3494.0,,,,,,48.72,2016-10-28
2986279,2017-08-07,49,EGGS,492.0,0,Quito,Pichincha,A,11,2860.0,,,,,,49.37,2017-08-07
216161,2013-05-02,24,FROZEN FOODS,109.379,0,Guayaquil,Guayas,D,1,2379.0,,,,,,93.7,2013-05-02
1064491,2014-08-22,27,EGGS,182.0,22,Daule,Guayas,D,1,1246.0,,,,,,93.61,2014-08-22
962466,2014-06-26,14,LINGERIE,9.0,0,Riobamba,Chimborazo,C,7,1324.0,,,,,,106.49,2014-06-26
1356581,2015-02-03,22,HOME APPLIANCES,0.0,0,Puyo,Pastaza,C,7,0.0,,,,,,53.04,2015-02-03
2915427,2017-06-29,11,DELI,352.3,0,Cayambe,Pichincha,B,6,1900.0,,,,,,44.88,2017-06-29
2657289,2017-02-04,18,PRODUCE,2387.293,3,Quito,Pichincha,B,16,1359.0,,,,,,53.81,2017-02-04
2004385,2016-02-02,48,SCHOOL AND OFFICE SUPPLIES,5.0,0,Quito,Pichincha,A,14,2675.0,,,,,,29.9,2016-02-02
258970,2013-05-26,25,LADIESWEAR,0.0,0,Salinas,Santa Elena,D,1,710.0,,,,,,93.84,2013-05-26
292928,2013-06-14,28,LAWN AND GARDEN,1.0,0,Guayaquil,Guayas,E,10,829.0,,,,,,97.83,2013-06-14
444661,2013-09-07,35,LADIESWEAR,0.0,0,Playas,Guayas,C,3,647.0,,,,,,110.62,2013-09-07
1588569,2015-06-13,31,HOME AND KITCHEN I,11.0,0,Babahoyo,Los Rios,B,10,1541.0,,,,,,59.96,2015-06-13
939662,2014-06-13,24,LAWN AND GARDEN,0.0,0,Guayaquil,Guayas,D,1,0.0,,,,,,107.49,2014-06-13
606263,2013-12-07,2,LAWN AND GARDEN,2.0,0,Quito,Pichincha,D,13,2093.0,,,,,,97.48,2013-12-07
1169295,2014-10-20,18,CELEBRATION,2.0,0,Quito,Pichincha,B,16,1568.0,,,,,,82.76,2014-10-20
238373,2013-05-14,47,HARDWARE,0.0,0,Quito,Pichincha,A,14,2986.0,,,,,,93.96,2013-05-14
386357,2013-08-05,49,PET SUPPLIES,0.0,0,Quito,Pichincha,A,11,1974.0,Holiday,Local,Esmeraldas,Fundacion de Esmeraldas,False,106.61,2013-08-05
252590,2013-05-22,46,DAIRY,582.0,0,Quito,Pichincha,A,14,2917.0,,,,,,93.98,2013-05-22
1850693,2015-11-07,36,LAWN AND GARDEN,7.0,0,Libertad,Guayas,E,10,1120.0,Holiday,Regional,Santa Elena,Provincializacion Santa Elena,False,44.32,2015-11-07
1955433,2016-01-06,25,HOME CARE,120.0,0,Salinas,Santa Elena,D,1,917.0,,,,,,33.97,2016-01-06
124540,2013-03-11,52,SCHOOL AND OFFICE SUPPLIES,0.0,0,Manta,Manabi,A,11,0.0,,,,,,92.07,2013-03-11
1451989,2015-03-28,49,"LIQUOR,WINE,BEER",615.0,0,Quito,Pichincha,A,11,3122.0,,,,,,48.83,2015-03-28
2063462,2016-03-06,7,BREAD/BAKERY,749.024,2,Quito,Pichincha,D,8,1573.0,,,,,,35.91,2016-03-06
852122,2014-04-25,18,PREPARED FOODS,47.0,0,Quito,Pichincha,B,16,1300.0,,,,,,100.85,2014-04-25
293039,2013-06-14,30,SEAFOOD,3.0,0,Guayaquil,Guayas,C,3,711.0,,,,,,97.83,2013-06-14
2557022,2016-12-08,54,HOME APPLIANCES,0.0,0,El Carmen,Manabi,C,3,726.0,Holiday,Local,Loja,Fundacion de Loja,False,50.84,2016-12-08
2921371,2017-07-02,28,GROCERY II,45.0,1,Guayaquil,Guayas,E,10,1784.0,,,,,,46.02,2017-07-02
889008,2014-05-15,52,LINGERIE,0.0,0,Manta,Manabi,A,11,0.0,,,,,,101.74,2014-05-15
2590604,2016-12-28,47,BREAD/BAKERY,979.269,5,Quito,Pichincha,A,14,4892.0,,,,,,54.01,2016-12-28
1412124,2015-03-06,30,LINGERIE,2.0,0,Guayaquil,Guayas,C,3,686.0,,,,,,49.61,2015-03-06
300176,2013-06-18,31,DAIRY,200.0,0,Babahoyo,Los Rios,B,10,1268.0,,,,,,98.46,2013-06-18
9961,2013-01-06,38,POULTRY,133.782,0,Loja,Loja,D,4,2522.0,,,,,,93.12,2013-01-06
1471191,2015-04-08,38,HOME CARE,0.0,0,Loja,Loja,D,4,1697.0,,,,,,50.44,2015-04-08
299966,2013-06-18,25,PREPARED FOODS,40.725998,0,Salinas,Santa Elena,D,1,605.0,,,,,,98.46,2013-06-18
665927,2014-01-10,43,LAWN AND GARDEN,0.0,0,Esmeraldas,Esmeraldas,E,10,1364.0,,,,,,92.39,2014-01-10
2272786,2016-07-02,3,EGGS,674.0,0,Quito,Pichincha,D,8,3588.0,,,,,,49.02,2016-07-02
295734,2013-06-15,7,LINGERIE,11.0,0,Quito,Pichincha,D,8,2097.0,,,,,,97.83,2013-06-15
1084518,2014-09-02,39,CELEBRATION,4.0,0,Cuenca,Azuay,B,6,1559.0,,,,,,92.92,2014-09-02
1634099,2015-07-09,1,BREAD/BAKERY,473.165,0,Quito,Pichincha,D,13,1983.0,,,,,,52.76,2015-07-09
1705122,2015-08-17,51,GROCERY I,4773.0,15,Guayaquil,Guayas,A,17,1493.0,,,,,,41.93,2015-08-17
1831115,2015-10-27,37,FROZEN FOODS,117.0,0,Cuenca,Azuay,D,2,1335.0,,,,,,43.21,2015-10-27
2832809,2017-05-13,42,MAGAZINES,16.0,0,Cuenca,Azuay,D,2,1765.0,Additional,National,Ecuador,Dia de la Madre-1,False,47.83,2017-05-13
2110583,2016-04-02,29,BEAUTY,3.0,0,Guayaquil,Guayas,E,10,1247.0,,,,,,35.36,2016-04-02
1287561,2014-12-26,36,AUTOMOTIVE,6.0,0,Libertad,Guayas,E,10,1482.0,Bridge,National,Ecuador,Puente Navidad,False,54.59,2014-12-26
1318713,2015-01-13,10,AUTOMOTIVE,1.0,0,Quito,Pichincha,C,15,1015.0,,,,,,45.92,2015-01-13
330202,2013-07-05,24,BOOKS,0.0,0,Guayaquil,Guayas,D,1,2548.0,,,,,,103.09,2013-07-05
660571,2014-01-07,43,EGGS,78.0,0,Esmeraldas,Esmeraldas,E,10,1328.0,,,,,,93.31,2014-01-07
1555059,2015-05-25,41,AUTOMOTIVE,3.0,0,Machala,El Oro,D,4,981.0,,,,,,58.88,2015-05-25
116307,2013-03-07,22,HOME AND KITCHEN I,0.0,0,Puyo,Pastaza,C,7,0.0,,,,,,91.53,2013-03-07
2562300,2016-12-11,52,HOME AND KITCHEN I,0.0,0,Manta,Manabi,A,11,0.0,,,,,,51.51,2016-12-11
338497,2013-07-09,7,HOME AND KITCHEN II,0.0,0,Quito,Pichincha,D,8,1656.0,,,,,,103.46,2013-07-09
928516,2014-06-07,11,POULTRY,750.413,0,Cayambe,Pichincha,B,6,2731.0,,,,,,103.32,2014-06-07
2898071,2017-06-19,24,FROZEN FOODS,135.534,1,Guayaquil,Guayas,D,1,2139.0,,,,,,44.24,2017-06-19
706419,2014-02-02,3,LINGERIE,38.0,0,Quito,Pichincha,D,8,3541.0,,,,,,97.55,2014-02-02
70263,2013-02-09,30,CELEBRATION,0.0,0,Guayaquil,Guayas,C,3,717.0,,,,,,95.71,2013-02-09
1442187,2015-03-23,24,LINGERIE,0.0,0,Guayaquil,Guayas,D,1,2366.0,,,,,,47.4,2015-03-23
865708,2014-05-02,49,LADIESWEAR,0.0,0,Quito,Pichincha,A,11,2593.0,,,,,,100.09,2014-05-02
2188675,2016-05-16,2,HOME AND KITCHEN II,19.0,2,Quito,Pichincha,D,13,1940.0,Event,National,Ecuador,Terremoto Manabi+30,False,47.72,2016-05-16
48315,2013-01-28,15,BEVERAGES,629.0,0,Ibarra,Imbabura,C,15,1356.0,,,,,,95.95,2013-01-28
2166771,2016-05-03,54,MEATS,48.515,11,El Carmen,Manabi,C,3,850.0,Event,National,Ecuador,Terremoto Manabi+17,False,43.65,2016-05-03
145345,2013-03-23,37,GROCERY II,34.0,0,Cuenca,Azuay,D,2,1665.0,,,,,,93.41,2013-03-23
1685962,2015-08-07,14,PERSONAL CARE,335.0,0,Riobamba,Chimborazo,C,7,1368.0,,,,,,43.87,2015-08-07
1182497,2014-10-27,38,DAIRY,783.0,5,Loja,Loja,D,4,1407.0,,,,,,81.26,2014-10-27
2193410,2016-05-18,51,SEAFOOD,68.176,1,Guayaquil,Guayas,A,17,1742.0,,,,,,48.12,2016-05-18
1218748,2014-11-16,54,PERSONAL CARE,299.0,0,El Carmen,Manabi,C,3,1145.0,,,,,,75.91,2014-11-16
1701341,2015-08-15,45,PET SUPPLIES,16.0,1,Quito,Pichincha,A,11,4011.0,Holiday,Local,Riobamba,Fundacion de Riobamba,False,42.45,2015-08-15
2744100,2017-03-24,53,HOME CARE,219.0,5,Manta,Manabi,D,13,1172.0,,,,,,47.3,2017-03-24
2855552,2017-05-26,30,PREPARED FOODS,15.0,0,Guayaquil,Guayas,C,3,665.0,Transfer,National,Ecuador,Traslado Batalla de Pichincha,False,49.58,2017-05-26
476266,2013-09-25,22,EGGS,0.0,0,Puyo,Pastaza,C,7,0.0,,,,,,102.68,2013-09-25
2742817,2017-03-24,18,"LIQUOR,WINE,BEER",81.0,2,Quito,Pichincha,B,16,1154.0,,,,,,47.3,2017-03-24
1300274,2015-01-02,42,DAIRY,0.0,0,Cuenca,Azuay,D,2,0.0,Bridge,National,Ecuador,Puente Primer dia del ano,False,52.72,2015-01-02
2956496,2017-07-22,13,PET SUPPLIES,0.0,0,Latacunga,Cotopaxi,C,15,1058.0,,,,,,45.78,2017-07-22
1030039,2014-08-03,10,EGGS,129.0,0,Quito,Pichincha,C,15,1007.0,,,,,,97.86,2014-08-03
2444577,2016-10-06,5,BEVERAGES,1381.0,6,Santo Domingo,Santo Domingo de los Tsachilas,D,4,1074.0,,,,,,50.44,2016-10-06
2817375,2017-05-05,10,AUTOMOTIVE,0.0,0,Quito,Pichincha,C,15,684.0,,,,,,46.23,2017-05-05
141262,2013-03-21,22,"LIQUOR,WINE,BEER",0.0,0,Puyo,Pastaza,C,7,0.0,,,,,,92.46,2013-03-21
736472,2014-02-19,23,FROZEN FOODS,58.0,0,Ambato,Tungurahua,D,9,1104.0,,,,,,103.46,2014-02-19
2030597,2016-02-17,34,DAIRY,584.0,109,Guayaquil,Guayas,B,6,2014.0,,,,,,30.68,2016-02-17
1467101,2015-04-06,23,LAWN AND GARDEN,3.0,0,Ambato,Tungurahua,D,9,1054.0,,,,,,52.08,2015-04-06
2601653,2017-01-03,7,SEAFOOD,43.686,0,Quito,Pichincha,D,8,1894.0,,,,,,52.36,2017-01-03
246028,2013-05-19,12,GROCERY II,1.0,0,Latacunga,Cotopaxi,C,15,1276.0,,,,,,95.72,2013-05-19
403533,2013-08-15,31,DELI,139.145,0,Babahoyo,Los Rios,B,10,1161.0,Holiday,Local,Riobamba,Fundacion de Riobamba,False,107.43,2013-08-15
2590379,2016-12-28,40,FROZEN FOODS,303.495,4,Machala,El Oro,C,3,1474.0,,,,,,54.01,2016-12-28
1360372,2015-02-05,29,GROCERY II,0.0,0,Guayaquil,Guayas,E,10,0.0,,,,,,50.48,2015-02-05
2196249,2016-05-20,32,AUTOMOTIVE,2.0,0,Guayaquil,Guayas,C,3,615.0,,,,,,47.67,2016-05-20
2626778,2017-01-18,12,FROZEN FOODS,31.0,1,Latacunga,Cotopaxi,C,15,1124.0,,,,,,51.12,2017-01-18
88046,2013-02-19,3,BEAUTY,6.0,0,Quito,Pichincha,D,8,2632.0,,,,,,96.69,2013-02-19
108171,2013-03-02,43,PRODUCE,0.0,0,Esmeraldas,Esmeraldas,E,10,1307.0,Holiday,Local,Manta,Fundacion de Manta,False,90.71,2013-03-02
2946471,2017-07-16,32,AUTOMOTIVE,7.0,0,Guayaquil,Guayas,C,3,642.0,,,,,,46.53,2017-07-16
1914913,2015-12-13,38,"LIQUOR,WINE,BEER",0.0,0,Loja,Loja,D,4,1953.0,,,,,,35.65,2015-12-13
901728,2014-05-23,10,BEVERAGES,370.0,1,Quito,Pichincha,C,15,822.0,,,,,,105.01,2014-05-23
1555299,2015-05-25,48,DELI,540.561,2,Quito,Pichincha,A,14,2563.0,,,,,,58.88,2015-05-25
1749735,2015-09-11,53,DELI,167.001,51,Manta,Manabi,D,13,814.0,,,,,,44.75,2015-09-11
